material,maker (as labelled by the retailer),cas,pubchem_cid,iupac_name
Amber xtreme,IFF,476332-65-7,92030006,"2,2,6,6,7,8,8-heptamethyl-3,3a,4,5,5a,7,8a,8b-octahydrocyclopenta[g][1]benzofuran"
Aphermate,IFF,25225-08-5,91337,"1-(3,3-dimethylcyclohexyl)ethyl formate"
Apo Patchone Coeur,IFF,4621-04-9,20739,4-propan-2-ylcyclohexan-1-ol
Auralva,IFF,89-43-0,98118,"methyl 2-[(7-hydroxy-3,7-dimethyloctylidene)amino]benzoate"
Bornafix,IFF,128119-70-0,18955245,"2-methyl-3-[(1,7,7-trimethyl-2-bicyclo[2.2.1]heptanyl)oxy]propan-1-ol"
Canthoxal,IFF,5462-06-6,64813,3-(4-methoxyphenyl)-2-methylpropanal
Cashmeran,IFF,33704-61-9,92292,"1,1,2,3,3-pentamethyl-2,5,6,7-tetrahydroinden-4-one"
Clonal,IFF,2437-25-4,17092,dodecanenitrile
Coniferan Pure,IFF,67874-72-0,62240,[2-(2-methylbutan-2-yl)cyclohexyl] acetate
Edenolide,IFF,478695-70-4,57759198,"3-O-[1-(3,3-dimethylcyclohexyl)ethyl] 1-O-ethyl propanedioate"
Floralozone,IFF,67634-15-5,105513,"3-(4-ethylphenyl)-2,2-dimethylpropanal"
Fructone,IFF,6413-10-1,80865,"ethyl 2-(2-methyl-1,3-dioxolan-2-yl)acetate"
Helional,IFF,1205-17-0,64805,"3-(1,3-benzodioxol-5-yl)-2-methylpropanal"
Herbac,IFF,25304-14-7,91388,"1-(3,3-dimethylcyclohexyl)ethanone"
Hexalon,IFF,79-78-7,5365976,"(1E)-1-(2,6,6-trimethylcyclohex-2-en-1-yl)hepta-1,6-dien-3-one"
Koavone,IFF,81786-73-4,20836197,"(Z)-3,4,5,6,6-pentamethylhept-3-en-2-one"
Liffarome,IFF,67633-96-9,5365699,[(Z)-hex-3-enyl] methyl carbonate
Nectarate,IFF,113889-23-9,44153588,"3-tricyclo[5.2.1.02,6]dec-4-enyl butanoate"
Octacetal,IFF,10022-28-3,61431,"1,1-dimethoxyoctane"
Orange Flower Ether,IFF,14576-08-0,85755,4-(2-methoxypropan-2-yl)-1-methylcyclohexene
Piconia,IFF,23787-90-8,90978,"2,2,8,8-tetramethyl-octahydro-1H-2,4a-methanonapthalen-10-one"
Rosalva,IFF,13019-22-2,25612,dec-9-en-1-ol
SantalIff,IFF,28219-60-5,119897,"2-methyl-4-(2,2,3-trimethylcyclopent-3-en-1-yl)but-2-en-1-ol"
Triplal,IFF,68039-49-6,93375,"2,4-dimethylcyclohex-3-ene-1-carbaldehyde"
Zenolide,IFF,54982-83-1,41270,"1,4-dioxacyclohexadecane-5,16-dione"
