cid,mw,heavy_atoms,n_carbon,n_oxygen,n_nitrogen,n_sulfur,n_halogen,heteroatoms,logp,molar_refractivity,tpsa,labute_asa,h_donors,h_acceptors,rot_bonds,rings,aromatic_rings,aliphatic_rings,saturated_rings,fraction_csp3,valence_electrons,bertz_complexity,tag_acid,tag_aromatic,tag_chlorine,tag_citrus,tag_fatty,tag_floral,tag_fruity,tag_green,tag_mint,tag_musty,tag_pungent,tag_rose,tag_spicy,tag_sweet,tag_woody,n_tags,primary_tag_id
11,98.96,4,2,0,0,0,2,2,1.464,21.44,0.0,35.711,0,0,1,0,0,0,0,1.0,26,6.0,0,0,0,0,0,0,0,0,0,0,0,0,0,1,0,1,14
13,181.449,9,6,0,0,0,3,3,3.6468,41.472,0.0,68.341,0,0,0,1,1,0,0,0.0,48,219.543,0,1,0,0,0,0,0,0,0,0,0,0,0,0,0,1,13
34,80.514,4,2,1,0,0,1,2,0.2175,17.8058,20.23,30.202,1,1,1,0,0,0,0,1.0,26,8.0,0,0,0,0,0,0,0,0,0,0,0,0,0,1,0,1,14
176,60.052,4,2,2,0,0,0,2,0.0909,13.3098,37.3,24.06,1,1,0,0,0,0,0,0.5,24,27.02,0,0,0,0,0,0,0,0,0,0,1,0,0,0,0,1,15
177,44.053,3,2,1,0,0,0,1,0.2052,11.738,17.07,19.266,0,1,0,0,0,0,0,0.5,18,10.265,0,0,0,0,0,0,1,0,0,0,1,0,0,0,0,2,12
179,88.106,6,4,2,0,0,0,2,-0.0438,22.3618,37.3,36.79,1,2,1,0,0,0,0,0.75,36,56.568,0,0,0,0,0,0,0,0,0,0,0,0,0,0,1,1,1
180,58.08,4,3,1,0,0,0,1,0.5953,16.355,17.07,25.631,0,1,0,0,0,0,0,0.6667,24,26.265,0,0,0,0,0,0,1,0,0,0,0,0,0,0,0,1,12
222,17.031,1,0,0,1,0,0,1,0.162,5.0221,35.0,7.504,1,1,0,0,0,0,0,0.0,8,0,0,0,0,0,0,0,0,0,0,0,1,0,0,0,0,1,15
240,106.124,8,7,1,0,0,0,1,1.4991,31.8295,17.07,47.958,0,1,1,1,1,0,0,0.0,40,167.002,0,0,0,0,0,0,0,0,0,0,0,0,0,0,0,1,0
241,78.114,6,6,0,0,0,0,0,1.6866,26.442,0.0,37.431,0,0,0,1,1,0,0,0.0,30,71.961,0,1,0,0,0,0,0,0,0,0,0,0,0,0,0,1,13
244,108.14,8,7,1,0,0,0,1,1.1789,32.3648,20.23,48.591,1,1,1,1,1,0,0,0.1429,42,145.733,0,1,0,0,0,0,0,0,0,0,0,0,0,0,0,1,13
261,72.107,5,4,1,0,0,0,1,0.9854,20.972,17.07,31.996,0,1,2,0,0,0,0,0.75,30,24.829,0,0,0,0,0,0,0,0,0,0,1,0,0,0,0,1,15
263,74.123,5,4,1,0,0,0,1,0.7788,21.9938,20.23,32.628,1,1,2,0,0,0,0,1.0,32,11.119,0,0,0,0,0,0,0,0,0,0,0,0,0,1,0,1,14
280,44.009,3,1,2,0,0,0,2,-0.5835,5.007,34.14,17.062,0,2,0,0,0,0,0,0.0,16,23.774,0,0,0,0,0,0,0,0,0,0,1,0,0,0,0,1,15
284,46.025,3,1,2,0,0,0,2,-0.2992,8.6928,37.3,17.695,1,1,0,0,0,0,0,0.0,18,10.265,0,0,0,0,0,0,0,0,0,0,1,0,0,0,0,1,15
313,36.461,1,0,0,0,0,1,1,0.4218,7.248,0.0,13.522,0,0,0,0,0,0,0,0.0,8,0,0,0,0,0,0,0,0,0,0,0,1,0,0,0,0,1,15
323,146.145,11,9,2,0,0,0,2,1.793,42.484,30.21,63.079,0,2,0,2,2,0,0,0.0,54,428.511,0,0,0,0,0,0,0,0,0,0,0,0,0,0,0,2,0
335,108.14,8,7,1,0,0,0,1,1.7006,32.8438,20.23,48.591,1,1,0,1,1,0,0,0.1429,42,160.497,0,0,0,0,0,0,0,0,0,0,0,0,0,1,0,1,14
342,108.14,8,7,1,0,0,0,1,1.7006,32.8438,20.23,48.591,1,1,0,1,1,0,0,0.1429,42,164.247,0,0,0,0,0,0,0,0,0,0,0,0,0,1,0,1,14
379,144.214,10,8,2,0,0,0,2,2.4315,41.0118,37.3,62.25,1,1,6,0,0,0,0,0.875,60,89.258,1,0,0,0,0,0,1,0,0,0,0,0,0,0,0,2,10
398,89.094,6,3,2,1,0,0,3,0.6715,22.1304,43.14,36.122,0,2,1,0,0,0,0,1.0,36,59.814,0,0,0,0,0,0,1,0,0,0,0,0,0,0,0,1,12
454,128.215,9,8,1,0,0,0,1,2.5458,39.44,17.07,57.455,0,1,6,0,0,0,0,0.875,54,59.588,0,0,0,1,1,0,1,0,0,0,1,0,0,0,0,5,2
460,124.139,9,7,2,0,0,0,2,1.4008,34.6588,29.46,53.704,1,2,1,1,1,0,0,0.1429,48,195.863,0,1,0,0,0,0,0,0,0,0,0,0,0,1,0,2,13
527,58.08,4,3,1,0,0,0,1,0.5953,16.355,17.07,25.631,0,1,1,0,0,0,0,0.6667,24,17.245,0,0,0,0,0,0,1,0,0,0,1,0,0,0,0,2,12
650,86.09,6,4,2,0,0,0,2,0.1644,21.362,34.14,36.157,0,2,1,0,0,0,0,0.5,34,71.549,0,0,1,0,0,0,0,0,0,0,0,0,0,0,0,1,7
660,148.161,11,9,2,0,0,0,2,1.5382,40.398,26.3,64.795,0,2,0,2,1,1,0,0.2222,56,291.369,0,0,0,0,0,0,0,0,0,0,0,0,0,0,0,3,0
712,30.026,2,1,1,0,0,0,1,-0.1849,7.121,17.07,12.901,0,1,0,0,0,0,0,0.0,12,2.0,0,0,0,0,0,0,0,0,0,0,1,0,0,0,0,1,15
727,290.832,12,6,0,0,0,6,6,3.6444,57.846,0.0,101.378,0,0,0,1,0,1,1,1.0,72,103.588,0,0,0,0,0,0,0,0,0,1,0,0,0,0,0,1,9
768,27.026,2,1,0,1,0,0,1,0.1398,6.67,23.79,13.132,0,1,0,0,0,0,0,0.0,10,6.755,0,0,0,0,0,0,0,0,0,0,0,0,0,0,0,1,0
798,117.151,9,8,0,1,0,0,1,2.1679,38.2987,15.79,53.322,1,0,0,2,2,0,0,0.0,44,278.545,0,0,0,0,0,0,0,0,0,0,0,0,0,0,0,1,0
878,48.11,2,1,0,0,1,0,1,0.546,14.91,0.0,19.894,1,1,0,0,0,0,0,1.0,14,2.0,0,0,0,0,0,0,0,0,0,0,1,0,0,0,0,1,15
880,72.063,5,3,2,0,0,0,2,-0.2257,16.745,34.14,29.792,0,2,1,0,0,0,0,0.3333,28,55.913,0,0,0,0,0,0,0,0,0,0,1,0,0,0,0,1,15
887,32.042,2,1,1,0,0,0,1,-0.3915,8.1428,20.23,13.533,1,1,0,0,0,0,0,1.0,14,2.0,0,0,0,0,0,0,0,0,0,0,1,0,0,0,0,1,15
931,128.174,10,10,0,0,0,0,0,2.8398,43.948,0.0,60.113,0,0,0,2,2,0,0,0.0,48,271.015,0,1,0,0,0,0,0,0,0,0,0,0,0,0,0,1,13
944,63.012,4,0,3,1,0,0,4,-0.3477,8.7809,63.37,21.776,1,2,0,0,0,0,0,0.0,24,26.265,0,0,0,0,0,0,0,0,0,0,0,0,0,1,0,1,14
957,130.231,9,8,1,0,0,0,1,2.3392,40.4618,20.23,58.088,1,1,6,0,0,0,0,1.0,56,37.832,0,1,0,0,0,0,0,0,0,0,0,1,0,0,0,4,5
992,266.338,12,6,1,0,0,5,6,4.6592,53.1568,20.23,93.742,1,1,0,1,1,0,0,0.0,66,230.203,0,0,0,0,0,0,0,0,0,0,1,0,0,0,0,1,15
995,178.234,14,14,0,0,0,0,0,3.993,61.454,0.0,82.795,0,0,0,3,3,0,0,0.0,66,539.009,0,1,0,0,0,0,0,0,0,0,0,0,0,0,0,1,13
996,94.113,7,6,1,0,0,0,1,1.3922,28.1068,20.23,42.226,1,1,0,1,1,0,0,0.0,36,134.107,0,0,0,0,0,0,0,0,0,0,0,0,0,1,0,1,14
999,136.15,10,8,2,0,0,0,2,1.3137,37.7818,37.3,59.117,1,1,2,1,1,0,0,0.125,52,215.959,0,0,0,0,0,1,0,0,0,0,0,0,0,1,0,4,11
1032,74.079,5,3,2,0,0,0,2,0.481,17.9268,37.3,30.425,1,1,1,0,0,0,0,0.6667,30,40.158,0,0,0,0,0,0,0,0,0,0,1,0,0,0,0,1,15
1119,64.065,3,0,2,0,1,0,3,-0.6702,8.9198,34.14,21.064,0,2,0,0,0,0,0,0.0,18,23.774,0,0,0,0,0,0,0,0,0,0,1,0,0,0,0,1,15
1133,92.119,5,2,2,0,1,0,3,0.0008,21.4888,37.3,35.215,2,2,1,0,0,0,0,0.5,30,42.913,0,0,0,0,0,0,0,0,0,0,1,0,0,0,0,1,15
1140,92.141,7,7,0,0,0,0,0,1.995,31.179,0.0,43.796,0,0,0,1,1,0,0,0.1429,36,129.966,0,0,0,0,0,0,0,0,0,0,1,0,0,1,0,2,14
1146,59.112,4,3,0,1,0,0,1,0.1778,19.611,3.24,27.229,0,1,0,0,0,0,0,1.0,26,8.0,0,0,0,0,0,0,0,0,0,0,1,0,0,0,0,1,15
1183,152.149,11,8,3,0,0,0,3,1.2133,40.0463,46.53,64.231,1,3,2,1,1,0,0,0.125,58,268.04,0,1,0,0,0,0,0,0,0,0,0,0,0,0,0,2,13
1254,156.269,11,10,1,0,0,0,1,2.4395,47.3498,20.23,69.812,1,1,1,1,0,1,1,1.0,66,120.041,0,0,0,0,0,0,0,0,1,0,0,0,0,0,0,1,8
1493,184.107,13,6,5,2,0,0,7,1.2086,41.4156,106.51,71.532,1,5,2,1,1,0,0,0.0,68,375.287,0,0,0,0,0,0,0,0,0,1,0,0,0,1,0,2,9
1988,269.772,18,14,2,1,0,1,4,3.1232,75.256,29.54,113.689,0,2,6,1,1,0,0,0.5,100,406.781,0,1,0,0,0,0,0,0,0,0,0,0,0,0,0,1,13
2336,252.316,20,20,0,0,0,0,0,5.7372,87.652,0.0,116.137,0,0,0,5,5,0,0,0.0,92,1069.722,0,1,0,0,0,0,0,0,0,0,0,0,0,0,0,1,13
2345,212.248,16,14,2,0,0,0,2,3.0436,62.0035,26.3,94.493,0,2,3,2,2,0,0,0.0714,80,448.676,0,1,0,0,0,0,0,0,0,0,0,0,0,0,0,2,13
2365,72.063,5,3,2,0,0,0,2,-0.0667,15.576,26.3,29.738,0,2,0,1,0,1,1,0.6667,28,51.913,0,0,0,0,0,0,0,0,0,0,1,0,0,1,0,2,14
2537,152.237,11,10,1,0,0,0,1,2.4017,44.236,17.07,68.174,0,1,0,2,0,2,2,0.9,62,216.913,0,1,0,0,0,0,0,0,0,0,0,0,0,0,0,1,13
2707,165.403,7,2,2,0,0,3,5,0.6673,28.5156,40.46,55.602,2,2,0,0,0,0,0,1.0,44,56.445,0,1,0,0,0,0,0,0,0,0,0,0,0,1,0,2,13
2879,108.14,8,7,1,0,0,0,1,1.7006,32.8438,20.23,48.591,1,1,0,1,1,0,0,0.1429,42,143.247,0,0,0,0,0,0,0,0,0,0,0,0,0,1,0,1,14
3026,278.348,20,16,4,0,0,0,4,3.6004,76.823,52.6,119.631,0,4,8,1,1,0,0,0.5,110,398.858,0,1,0,0,0,0,0,0,0,0,0,0,0,0,0,1,13
3031,172.014,10,7,0,1,0,2,3,2.8651,41.177,23.79,68.795,0,1,0,1,1,0,0,0.0,50,267.898,0,1,0,0,0,0,0,0,0,0,0,0,0,0,0,1,13
3036,354.491,19,14,0,0,0,5,5,6.4955,85.037,0.0,136.735,0,0,2,2,2,0,0,0.1429,100,494.044,0,1,0,0,0,0,1,0,0,0,0,0,0,0,0,2,12
3039,220.976,11,4,4,0,0,2,7,2.6804,42.4985,44.76,74.641,0,4,4,0,0,0,0,0.5,66,180.531,0,1,0,0,0,0,0,0,0,0,0,0,0,0,0,1,13
3080,124.23,6,3,1,0,2,0,3,0.2069,33.7128,20.23,48.574,3,3,2,0,0,0,0,1.0,38,27.974,0,0,0,0,0,0,0,0,0,0,1,0,0,0,0,1,15
3102,182.222,14,13,1,0,0,0,1,2.9176,56.3165,17.07,83.015,0,1,2,2,2,0,0,0.0,68,376.003,0,0,0,0,0,0,0,0,0,0,0,1,0,1,0,3,5
3220,270.24,20,15,5,0,0,0,5,1.8872,69.4804,94.83,113.283,3,5,0,3,2,1,0,0.0667,100,725.836,0,0,0,0,0,0,0,0,0,0,0,0,0,0,0,1,0
3226,184.491,10,3,1,0,0,6,7,2.3528,22.785,9.23,57.714,0,1,3,0,0,0,0,1.0,62,105.066,0,0,0,0,0,0,0,0,0,0,0,0,0,1,0,1,14
3283,74.123,5,4,1,0,0,0,1,1.0428,22.167,9.23,32.948,0,1,2,0,0,0,0,1.0,32,11.119,0,0,0,0,0,0,0,0,0,0,1,0,0,0,0,1,15
3314,164.204,12,10,2,0,0,0,2,2.1293,48.5598,29.46,72.109,1,2,3,1,1,0,0,0.2,64,279.167,0,0,0,0,0,1,0,0,0,0,0,0,1,0,0,3,3
3485,100.117,7,5,2,0,0,0,2,0.5545,25.979,34.14,42.522,0,2,4,0,0,0,0,0.6,40,51.1,0,0,0,0,0,0,0,0,0,0,1,0,0,0,0,1,15
3610,194.274,14,12,2,0,0,0,2,3.2206,57.6176,40.46,85.21,2,2,5,1,1,0,0,0.5,78,281.65,0,0,0,0,0,0,0,0,0,0,1,0,0,0,0,1,15
3735,570.934,17,11,2,1,0,3,6,3.7359,94.1262,63.32,141.337,2,2,4,1,1,0,0,0.3636,94,448.833,0,1,0,0,0,0,0,0,0,0,0,0,0,0,0,1,13
4115,345.653,21,16,2,0,0,3,5,5.2059,88.121,18.46,139.085,0,2,4,2,2,0,0,0.25,112,526.466,0,0,0,0,0,0,1,0,0,0,0,0,0,0,0,1,12
4116,164.966,8,3,1,0,0,4,5,2.0293,27.45,9.23,55.52,0,1,2,0,0,0,0,1.0,50,75.684,0,0,0,0,0,0,1,0,0,0,0,0,0,0,0,1,12
4130,263.211,16,8,5,1,1,0,8,2.4909,62.0274,70.83,97.535,0,6,5,1,1,0,0,0.25,88,412.942,0,0,0,0,0,0,0,0,0,0,1,0,0,0,0,1,15
4420,380.784,13,4,4,0,0,4,9,3.6512,58.7885,44.76,103.066,0,4,5,0,0,0,0,1.0,80,200.811,0,0,0,0,0,0,0,0,0,0,1,0,0,0,0,1,15
4650,108.096,8,6,2,0,0,0,2,0.2506,28.294,34.14,46.502,0,2,0,1,0,1,0,0.0,40,148.705,0,0,1,0,0,0,0,0,0,0,0,0,0,0,0,1,7
4781,308.381,23,19,2,2,0,0,4,3.7878,90.871,40.62,135.85,0,2,5,3,2,1,1,0.2632,118,627.531,0,1,0,0,0,0,0,0,0,0,0,0,0,0,0,1,13
4842,356.058,16,10,2,2,0,2,6,1.2272,69.982,40.62,112.596,0,2,4,1,0,1,1,0.8,92,227.204,0,0,0,0,0,0,1,0,0,0,0,0,0,0,0,1,12
5383,228.321,15,9,1,4,1,0,6,1.6112,61.4677,58.12,93.505,1,4,1,1,1,0,0,0.6667,84,355.239,0,0,0,0,0,0,0,0,0,1,0,0,0,0,0,1,9
5541,218.205,15,9,6,0,0,0,6,0.0443,48.82,78.9,87.484,0,6,5,0,0,0,0,0.6667,86,228.987,0,0,0,0,1,0,1,0,0,0,0,0,0,0,0,2,6
5564,289.545,17,12,2,0,0,3,5,5.1447,69.6528,29.46,113.306,1,2,2,2,2,0,0,0.0,88,505.942,0,1,0,0,0,0,0,0,0,0,0,0,0,0,0,1,13
5936,184.147,11,6,3,0,0,1,5,2.914,41.1565,35.53,66.542,0,3,4,0,0,0,0,1.0,68,143.906,0,0,0,0,0,0,1,0,0,0,0,0,0,0,0,1,12
5943,153.823,5,1,0,0,0,4,4,2.5529,26.143,0.0,49.952,0,0,0,0,0,0,0,1.0,32,19.119,0,0,0,0,0,0,0,0,0,0,0,0,0,1,0,1,14
5971,99.158,6,4,0,1,1,0,2,1.2752,30.09,12.36,42.399,0,2,2,0,0,0,0,0.25,32,81.549,0,0,0,0,0,0,0,0,0,0,1,0,0,0,0,1,15
6050,302.367,21,15,6,0,0,0,6,2.3849,76.522,78.9,125.674,0,6,11,0,0,0,0,0.8,122,304.126,0,0,0,0,0,0,1,0,0,0,0,0,0,0,0,1,12
6054,122.167,9,8,1,0,0,0,1,1.2214,37.2318,20.23,54.956,1,1,2,1,1,0,0,0.25,48,157.478,0,0,0,0,0,0,0,0,0,0,0,1,0,0,0,1,5
6115,93.129,7,6,0,1,0,0,1,1.2688,30.8544,26.02,42.771,1,1,0,1,1,0,0,0.0,36,134.107,0,1,0,0,0,0,0,0,0,0,1,0,0,0,0,2,13
6116,158.166,9,4,4,0,0,0,5,-2.8684,27.116,80.26,82.867,0,4,0,0,0,0,0,0.5,48,70.568,1,0,0,0,0,0,0,0,0,0,0,0,0,0,0,1,10
6163,154.187,9,4,4,0,1,0,5,0.3042,32.1718,52.6,55.105,0,4,4,0,0,0,0,1.0,56,135.951,0,0,0,0,0,0,0,0,1,0,0,0,0,0,0,1,8
6184,100.161,7,6,1,0,0,0,1,1.7656,30.206,17.07,44.725,0,1,4,0,0,0,0,0.8333,42,41.445,0,0,0,0,0,0,1,1,0,0,0,0,0,0,0,2,4
6325,28.054,2,2,0,0,0,0,0,0.8022,11.254,0.0,14.415,0,0,0,0,0,0,0,0.0,12,0.0,0,0,0,0,0,0,0,0,0,0,0,0,0,1,0,2,14
6327,50.488,2,1,0,0,0,1,1,0.855,11.777,0.0,19.043,0,0,0,0,0,0,0,1.0,14,2.0,0,0,0,0,0,0,0,0,0,0,0,0,0,1,0,1,14
6328,141.939,2,1,0,0,0,1,1,1.0512,19.944,0.0,28.001,0,0,0,0,0,0,0,1.0,14,2.0,0,0,0,0,0,0,0,0,0,0,1,0,0,0,0,1,15
6335,40.065,3,3,0,0,0,0,0,0.6395,14.507,0.0,20.468,0,0,0,0,0,0,0,0.3333,16,21.51,0,0,0,0,0,0,0,0,0,0,0,0,0,1,0,1,14
6337,64.515,3,2,0,0,0,1,1,1.2451,16.394,0.0,25.407,0,0,0,0,0,0,0,1.0,20,2.755,0,0,0,0,0,0,0,0,0,0,1,0,0,0,0,1,15
6338,62.499,3,2,0,0,0,1,1,1.3687,16.05,0.0,24.718,0,0,0,0,0,0,0,0.0,18,10.265,0,0,0,0,0,0,0,0,0,0,0,0,0,1,0,1,14
6342,41.053,3,2,0,1,0,0,1,0.5299,11.287,23.79,19.497,0,1,0,0,0,0,0,0.5,16,24.265,0,1,0,0,0,0,0,0,0,0,0,0,0,1,0,2,13
6344,84.933,3,1,0,0,0,2,2,1.4215,16.573,0.0,29.346,0,0,0,0,0,0,0,1.0,20,2.755,0,0,0,0,0,0,0,0,0,0,0,0,0,1,0,1,14
6348,76.145,3,1,0,0,2,0,2,1.0181,20.189,0.0,29.457,0,2,0,0,0,0,0,0.0,16,23.774,0,1,0,0,0,0,0,0,0,0,0,0,0,1,0,2,13
6351,42.081,3,3,0,0,0,0,0,1.1703,13.851,0.0,20.463,0,0,0,1,0,1,1,1.0,18,4.755,0,0,0,0,0,0,0,0,0,0,0,0,0,1,0,1,14
6354,44.053,3,2,1,0,0,0,1,0.0166,10.819,12.53,19.212,0,1,0,1,0,1,1,1.0,18,7.51,0,0,0,0,0,0,0,0,0,0,0,0,0,1,0,1,14
6356,67.806,4,0,0,0,0,3,4,0.8798,9.078,0.0,21.841,0,0,0,0,0,0,0,0.0,24,8.0,0,0,0,0,0,0,0,0,0,0,1,0,0,0,0,1,15
6365,98.96,4,2,0,0,0,2,2,1.81,21.168,0.0,35.711,0,0,0,0,0,0,0,1.0,26,8.755,0,1,0,0,0,0,0,0,0,0,0,0,0,0,0,1,13
6366,96.944,4,2,0,0,0,2,2,1.9352,20.846,0.0,35.021,0,0,0,0,0,0,0,0.0,24,27.02,0,0,0,0,0,0,0,0,0,0,0,0,0,1,0,1,14
6367,78.498,4,2,1,0,0,1,2,0.7717,16.534,17.07,29.569,0,1,0,0,0,0,0,0.5,24,29.02,0,0,0,0,0,0,0,0,0,0,1,0,0,0,0,1,15
6371,98.916,4,1,1,0,0,2,3,1.584,17.102,17.07,33.507,0,1,0,0,0,0,0,0.0,24,29.02,0,0,0,0,0,0,0,0,0,1,0,0,0,0,0,2,9
6378,58.08,4,3,1,0,0,0,1,0.4051,15.414,12.53,25.577,0,1,0,1,0,1,1,1.0,24,22.464,0,0,0,0,0,0,0,0,0,0,0,0,0,1,0,1,14
6389,137.368,5,1,0,0,0,4,4,2.2836,21.398,0.0,43.815,0,0,0,0,0,0,0,1.0,32,22.365,0,0,0,0,0,0,0,0,0,0,0,0,0,1,0,1,14
6394,267.34,5,4,0,0,0,0,1,1.9544,29.21,0.0,39.233,0,0,0,0,0,0,0,1.0,32,19.119,0,0,0,0,0,0,1,0,0,0,0,0,0,0,0,1,12
6397,108.644,5,3,0,0,0,1,2,2.0601,29.199,0.0,38.859,0,0,0,0,0,0,0,1.0,32,22.365,1,0,0,0,0,0,0,0,0,0,0,0,0,0,0,1,10
6398,129.062,5,2,0,0,0,2,3,2.1658,29.188,0.0,42.502,0,0,0,0,0,0,0,1.0,32,23.119,1,0,0,0,0,0,0,0,0,0,0,0,0,0,0,1,10
6399,149.48,5,1,0,0,0,3,4,2.2715,29.177,0.0,46.146,0,0,0,0,0,0,0,1.0,32,22.365,1,0,0,0,0,0,0,0,0,0,0,0,0,0,0,1,10
6404,88.15,6,5,1,0,0,0,1,1.0248,26.5408,20.23,38.993,1,1,0,0,0,0,0,1.0,38,33.693,0,0,0,0,0,0,0,0,1,0,0,0,0,0,0,1,8
6407,147.388,6,2,1,0,0,3,4,1.5555,26.354,17.07,50.176,0,1,0,0,0,0,0,0.5,36,54.304,0,0,0,0,0,0,0,0,0,0,1,0,0,0,0,1,15
6413,161.491,6,2,0,0,0,3,4,2.3669,33.51,0.0,51.821,0,0,1,0,0,0,0,0.0,36,54.304,1,0,0,0,0,0,0,0,0,0,0,0,0,0,0,1,10
6416,100.161,7,6,1,0,0,0,1,1.6215,30.136,17.07,44.725,0,1,0,0,0,0,0,0.8333,42,76.671,0,0,0,0,0,0,0,0,1,0,0,0,0,0,0,1,8
6421,163.387,7,2,2,0,0,3,5,1.4412,27.9258,37.3,54.97,1,1,0,0,0,0,0,0.5,42,83.426,0,0,0,0,0,0,0,0,0,0,1,0,0,0,0,1,15
6422,114.022,7,2,2,0,0,3,5,0.6333,13.6908,37.3,36.557,1,1,0,0,0,0,0,0.5,42,83.426,0,0,0,0,0,0,0,0,0,0,1,0,0,0,0,1,15
6468,243.394,18,17,0,1,0,0,1,4.3319,76.629,3.24,111.194,0,1,2,3,1,2,2,0.6471,98,358.456,0,0,0,0,0,0,0,0,0,0,0,0,0,0,0,1,0
6478,272.773,11,5,0,0,0,6,6,4.5523,51.901,0.0,93.634,0,0,0,1,0,1,0,0.2,62,234.146,0,0,0,0,0,0,0,0,0,0,1,0,0,0,0,1,15
6492,132.206,10,10,0,0,0,0,0,2.3846,41.474,0.0,61.627,0,0,0,3,0,3,1,0.6,52,212.078,0,0,0,0,0,0,0,0,0,0,0,0,0,1,0,1,14
6500,162.129,10,5,2,2,0,0,5,1.2587,38.5325,53.33,60.897,0,3,3,0,0,0,0,0.8,58,184.577,0,0,0,0,0,0,1,0,0,0,0,0,0,0,0,1,12
6501,206.241,15,12,3,0,0,0,3,1.8637,55.3,38.83,89.004,0,3,3,2,1,1,1,0.4167,80,360.39,0,0,0,0,0,0,1,0,0,0,0,0,0,0,0,2,12
6505,402.484,28,20,8,0,0,0,8,3.0984,101.332,105.2,166.773,0,8,15,0,0,0,0,0.8,162,476.434,0,0,0,0,0,0,0,0,0,0,0,0,0,1,0,2,14
6506,276.285,19,12,7,0,0,0,7,0.187,64.0828,99.13,111.373,1,7,8,0,0,0,0,0.75,110,304.04,0,0,0,0,0,0,1,0,0,0,0,0,0,0,0,1,12
6511,323.448,9,8,0,0,0,0,1,3.5148,47.678,0.0,64.693,0,0,4,0,0,0,0,1.0,56,47.458,0,0,0,0,0,0,0,0,0,1,0,0,0,1,0,2,9
6534,166.157,10,6,3,0,0,0,4,2.2724,41.3995,35.53,62.254,0,3,5,0,0,0,0,1.0,62,114.161,0,0,0,0,0,0,0,0,0,0,0,0,0,1,0,1,14
6544,138.21,10,9,1,0,0,0,1,2.3218,41.779,17.07,62.125,0,1,0,1,0,1,0,0.6667,56,186.905,0,0,0,0,0,0,0,0,1,0,0,0,0,0,0,1,8
6549,154.253,11,10,1,0,0,0,1,2.6698,49.4858,20.23,69.439,1,1,4,0,0,0,0,0.6,64,150.256,0,0,0,0,0,1,0,0,0,0,0,0,1,0,1,7,1
6560,74.123,5,4,1,0,0,0,1,0.6347,21.9238,20.23,32.628,1,1,1,0,0,0,0,1.0,32,17.61,0,0,0,0,0,0,0,0,0,1,0,0,0,1,0,2,9
6561,72.107,5,4,1,0,0,0,1,0.8413,20.902,17.07,31.996,0,1,1,0,0,0,0,0.75,30,30.629,0,0,0,0,0,0,0,0,0,0,1,0,0,0,0,1,15
6564,112.987,5,3,0,0,0,2,2,1.8525,26.035,0.0,42.076,0,0,1,0,0,0,0,1.0,32,18.855,0,0,0,0,0,0,0,0,0,0,0,0,0,1,0,1,14
6565,110.971,5,3,0,0,0,2,2,1.9777,25.713,0.0,41.386,0,0,1,0,0,0,0,0.3333,30,40.158,0,0,0,0,0,0,0,0,0,0,1,0,0,0,0,1,15
6568,74.123,5,4,1,0,0,0,1,0.7772,21.9718,20.23,32.628,1,1,1,0,0,0,0,1.0,32,17.61,0,0,0,0,0,0,0,0,0,0,0,0,0,1,0,1,14
6569,72.107,5,4,1,0,0,0,1,0.9854,20.972,17.07,31.996,0,1,1,0,0,0,0,0.75,30,38.913,0,0,0,0,0,0,0,0,1,0,1,0,0,1,0,3,8
6570,70.091,5,4,1,0,0,0,1,0.7614,20.878,17.07,31.306,0,1,1,0,0,0,0,0.25,28,54.668,0,0,0,0,0,0,0,0,0,0,1,0,0,0,0,1,15
6571,92.525,5,3,1,0,0,1,2,0.8142,21.401,17.07,35.934,0,1,1,0,0,0,0,0.6667,30,42.158,0,0,0,0,0,0,0,0,0,0,1,0,0,0,0,1,15
6573,112.987,5,3,0,0,0,2,2,2.2001,25.785,0.0,42.076,0,0,1,0,0,0,0,1.0,32,18.855,0,0,0,0,0,0,0,0,0,0,0,0,0,1,0,1,14
6574,133.405,5,2,0,0,0,3,3,2.0289,26.214,0.0,46.014,0,0,1,0,0,0,0,1.0,32,18.855,0,0,0,0,0,0,0,0,0,0,0,0,0,1,0,1,14
6575,131.389,5,2,0,0,0,3,3,2.5017,25.642,0.0,45.324,0,0,0,0,0,0,0,0.0,30,42.855,0,0,0,0,0,0,0,0,0,0,0,0,0,1,0,1,14
6576,112.943,5,2,1,0,0,2,3,0.989,21.558,17.07,39.872,0,1,1,0,0,0,0,0.5,30,34.629,0,0,0,0,0,0,0,0,0,0,1,0,0,0,0,1,15
6577,112.943,5,2,1,0,0,2,3,0.9906,21.58,17.07,39.872,0,1,1,0,0,0,0,0.5,30,42.913,0,0,0,0,0,0,0,0,0,0,1,0,0,0,0,1,15
6581,72.063,5,3,2,0,0,0,2,0.257,17.8328,37.3,29.735,1,1,1,0,0,0,0,0.0,28,55.913,0,0,0,0,0,0,0,0,0,0,0,0,0,1,0,1,14
6584,74.079,5,3,2,0,0,0,2,0.1793,17.69,26.3,30.744,0,2,0,0,0,0,0,0.6667,30,40.158,0,0,0,0,0,0,1,0,0,0,0,0,0,0,0,1,12
6587,75.067,5,2,2,1,0,0,3,0.283,17.5354,43.14,29.757,0,2,1,0,0,0,0,1.0,30,42.913,0,0,0,0,0,0,1,0,0,0,0,0,0,0,0,1,12
6590,88.106,6,4,2,0,0,0,2,0.727,22.4738,37.3,36.79,1,1,1,0,0,0,0,0.75,36,56.568,0,0,0,0,0,0,0,0,0,0,1,0,0,0,0,1,15
6591,167.85,6,2,0,0,0,4,4,2.5938,30.988,0.0,56.317,0,0,1,0,0,0,0,1.0,38,26.529,0,0,0,0,0,0,0,0,0,0,1,0,0,0,0,1,15
6597,128.942,6,2,2,0,0,2,4,0.8747,23.1298,37.3,44.666,1,1,1,0,0,0,0,0.5,36,60.568,0,0,0,0,0,0,0,0,0,0,1,0,0,0,0,1,15
6616,136.238,10,10,0,0,0,0,0,2.9987,43.752,0.0,63.322,0,0,0,2,0,2,2,0.8,56,176.477,0,0,0,1,0,0,0,1,1,0,0,0,1,0,1,6,1
6621,252.722,16,12,2,0,1,1,4,3.1728,63.3458,34.14,99.417,0,2,2,2,2,0,0,0.0,82,574.176,0,1,0,0,0,0,0,0,0,0,0,0,0,0,0,1,13
6627,253.204,15,12,0,0,0,2,3,2.7206,69.612,0.0,99.887,0,0,2,2,2,0,0,0.0,76,384.39,1,0,0,0,0,0,0,0,0,0,1,0,0,0,0,2,10
6658,100.117,7,5,2,0,0,0,2,0.7355,26.83,26.3,42.784,0,2,1,0,0,0,0,0.4,40,94.253,0,0,0,0,0,0,1,0,0,0,0,0,0,1,0,2,12
6669,294.307,21,14,5,2,0,0,7,3.6199,77.9293,103.35,121.818,0,5,3,1,1,0,0,0.5,114,615.304,0,0,0,0,0,0,0,0,0,0,0,0,0,1,0,4,14
6720,295.336,14,6,2,1,0,5,8,4.8618,58.1464,43.14,103.601,0,2,1,1,1,0,0,0.0,76,390.168,0,0,0,0,0,0,0,0,0,1,0,0,0,0,0,1,9
6736,131.178,10,9,0,1,0,0,1,2.4763,43.0357,15.79,59.687,1,0,0,2,2,0,0,0.1111,50,346.256,0,0,0,0,0,0,0,0,0,0,0,0,0,1,0,2,14
6753,268.269,19,12,5,2,0,0,7,3.1175,69.7398,95.51,110.041,0,5,3,1,1,0,0,0.5,104,546.031,0,0,0,0,0,1,0,0,0,0,0,0,0,1,0,3,11
6777,330.424,24,20,4,0,0,0,4,4.6656,91.019,52.6,143.079,0,4,4,3,1,2,2,0.6,130,517.757,0,1,0,0,0,0,0,0,0,0,0,0,0,0,0,1,13
6780,208.216,16,14,2,0,0,0,2,2.462,59.749,34.14,92.536,0,2,0,3,2,1,0,0.0,76,506.137,0,1,0,0,0,0,0,0,0,0,0,0,0,0,0,1,13
6781,222.24,16,12,4,0,0,0,4,2.04,58.355,52.6,94.171,0,4,4,1,1,0,0,0.3333,86,347.36,0,1,0,0,0,0,0,0,0,0,0,0,0,0,0,1,13
6786,334.456,24,20,4,0,0,0,4,5.1608,95.291,52.6,145.091,0,4,12,1,1,0,0,0.6,134,451.167,0,1,0,0,0,0,0,0,0,0,0,0,0,0,0,1,13
6826,165.192,12,9,2,1,0,0,3,1.5149,47.3282,38.33,71.351,1,3,2,1,1,0,0,0.2222,64,283.612,0,0,0,0,0,0,0,0,0,0,0,0,0,0,0,1,0
6877,165.192,12,9,2,1,0,0,3,1.4455,46.8109,52.32,71.141,1,3,2,1,1,0,0,0.2222,64,283.612,0,0,0,0,0,1,1,0,0,0,0,0,0,0,0,3,11
6909,232.41,12,3,3,3,0,3,9,-0.8226,42.975,66.0,79.45,0,3,0,1,1,0,0,0.0,66,380.52,0,0,1,0,0,0,0,0,0,0,0,0,0,0,0,1,7
6944,137.138,10,7,2,1,0,0,3,1.9032,37.8334,43.14,58.449,0,2,1,1,1,0,0,0.1429,52,257.538,0,1,0,0,0,0,0,0,0,0,0,0,0,0,0,1,13
6946,138.126,10,6,2,2,0,0,4,1.177,37.5088,69.16,57.424,1,3,1,1,1,0,0,0.0,52,259.68,0,0,0,0,0,0,0,0,0,1,0,0,0,0,0,1,9
6947,139.11,10,6,3,1,0,0,4,1.3004,34.7612,63.37,56.879,1,3,1,1,1,0,0,0.0,52,258.925,0,1,0,0,0,0,0,0,0,0,0,0,0,0,0,1,13
6950,240.215,17,10,5,2,0,0,7,2.7221,60.1216,106.51,96.991,1,5,4,1,1,0,0,0.4,92,472.009,0,0,0,0,0,0,0,0,0,0,1,0,0,0,0,1,15
6989,150.221,11,10,1,0,0,0,1,2.824,46.9328,20.23,67.685,1,1,1,1,1,0,0,0.4,60,251.05,0,1,0,0,0,0,0,0,0,0,0,0,1,0,0,3,3
6998,122.123,9,7,2,0,0,0,2,1.2047,33.4943,37.3,52.752,1,2,1,1,1,0,0,0.0,46,217.911,0,0,0,0,0,0,0,0,0,0,1,0,0,0,0,1,15
7040,174.159,13,9,2,2,0,0,4,1.9296,46.742,58.86,74.64,0,4,2,1,1,0,0,0.1111,64,377.373,0,0,0,0,0,0,0,0,0,0,1,0,0,0,0,1,15
7042,128.134,10,8,0,2,0,0,2,1.43,35.872,47.58,58.946,0,2,0,1,1,0,0,0.0,46,281.765,0,1,0,0,0,0,0,0,0,0,0,0,0,0,0,1,13
7044,138.254,10,10,0,0,0,0,0,3.3668,43.916,0.0,64.012,0,0,0,2,0,2,2,1.0,58,80.606,0,0,0,0,0,0,0,0,1,0,0,0,0,0,0,1,8
7057,143.189,11,10,0,1,0,0,1,2.422,48.3604,26.02,65.453,1,1,0,2,2,0,0,0.0,54,379.284,0,1,0,0,0,0,0,0,0,0,0,0,0,0,0,1,13
7092,160.172,12,10,2,0,0,0,2,2.1014,47.221,30.21,69.444,0,2,0,2,2,0,0,0.1,60,468.467,0,0,0,0,0,0,0,0,0,0,0,0,0,0,0,3,0
7102,169.227,13,12,0,1,0,0,1,2.9358,56.2904,26.02,77.828,1,1,1,2,2,0,0,0.0,64,375.629,0,0,0,0,0,1,0,0,0,0,0,0,0,0,0,1,11
7127,178.231,13,11,2,0,0,0,2,2.4323,53.447,18.46,78.794,0,2,4,1,1,0,0,0.2727,70,292.142,0,0,0,0,0,0,0,0,0,0,0,0,1,0,0,2,3
7148,134.178,10,9,1,0,0,0,1,2.2793,41.0635,17.07,60.688,0,1,2,1,1,0,0,0.2222,52,213.43,0,0,0,0,0,1,0,0,0,0,0,0,0,0,0,1,11
7150,136.15,10,8,2,0,0,0,2,1.4732,37.7815,26.3,59.436,0,2,1,1,1,0,0,0.125,52,215.959,0,0,0,0,0,0,1,0,0,0,0,0,0,0,0,1,12
7237,106.168,8,8,0,0,0,0,0,2.3034,35.916,0.0,50.161,0,0,0,1,1,0,0,0.25,42,156.148,0,1,0,0,0,0,0,0,0,0,0,0,0,1,0,2,13
7238,126.586,8,7,0,0,0,1,1,2.6484,36.189,0.0,54.1,0,0,0,1,1,0,0,0.1429,42,160.497,0,1,0,0,0,0,0,0,0,0,0,0,0,0,0,1,13
7239,147.004,8,6,0,0,0,2,2,2.9934,36.462,0.0,58.038,0,0,0,1,1,0,0,0.0,42,162.638,0,1,0,0,0,0,0,0,0,0,0,0,0,0,0,1,13
7240,127.574,8,6,0,1,0,1,2,1.9222,35.8644,26.02,53.075,1,1,0,1,1,0,0,0.0,42,164.638,0,0,0,0,0,0,0,0,0,0,0,0,0,1,0,1,14
7242,107.156,8,7,0,1,0,0,1,1.5772,35.5914,26.02,49.136,1,1,0,1,1,0,0,0.1429,42,160.497,0,1,0,0,0,0,0,0,0,0,0,0,0,0,0,1,13
7247,120.195,9,9,0,0,0,0,0,2.6119,40.653,0.0,56.526,0,0,0,1,1,0,0,0.3333,48,211.278,0,1,0,0,0,0,0,0,0,0,0,0,0,0,0,1,13
7268,146.142,10,6,4,0,0,0,4,0.1126,33.266,52.6,59.114,0,4,2,0,0,0,0,0.6667,58,113.71,0,1,0,0,0,0,0,0,0,0,0,0,0,0,0,1,13
7276,120.151,9,8,1,0,0,0,1,1.7579,35.135,12.53,54.269,0,1,1,2,1,1,1,0.25,46,188.982,0,0,0,0,0,0,0,0,0,0,0,0,0,1,0,1,14
7280,236.334,6,3,0,0,0,3,3,2.3836,37.229,0.0,59.507,0,0,2,0,0,0,0,1.0,38,27.974,0,0,0,0,0,0,0,0,0,0,1,0,0,0,0,1,15
7295,108.524,6,3,2,0,0,1,3,0.3982,22.736,26.3,41.047,0,2,1,0,0,0,0,0.6667,36,46.755,0,0,0,0,0,0,0,0,0,0,1,0,0,1,0,2,14
7298,86.134,6,5,1,0,0,0,1,0.9213,24.4748,20.23,37.987,1,1,0,1,0,1,1,1.0,36,37.203,0,0,0,0,0,0,0,0,1,0,0,0,0,0,0,1,8
7305,182.175,11,7,2,0,0,1,4,3.23,44.6405,26.3,67.707,0,2,2,0,0,0,0,1.0,68,167.77,0,1,0,0,0,0,1,0,0,0,0,0,0,0,0,2,12
7308,358.547,25,22,2,0,1,0,3,6.4608,107.2106,40.46,155.849,2,3,2,2,2,0,0,0.4545,136,725.64,0,1,0,0,0,0,0,0,0,0,0,0,0,0,0,1,13
7321,183.123,13,6,4,3,0,0,7,1.0852,44.1632,112.3,72.077,1,5,2,1,1,0,0,0.0,68,376.142,0,0,0,0,0,0,0,0,0,1,0,0,0,0,0,1,9
7344,118.132,8,5,3,0,0,0,3,-0.0697,28.3138,46.53,48.268,1,3,2,0,0,0,0,0.8,48,77.743,0,0,0,0,0,0,1,0,0,0,0,0,0,0,0,1,12
7351,144.214,10,8,2,0,0,0,2,1.8416,40.635,26.3,62.569,0,2,3,0,0,0,0,0.875,60,105.825,0,0,0,0,0,0,1,0,0,0,0,0,0,0,0,2,12
7368,146.111,10,7,0,0,0,3,3,2.7054,31.444,0.0,56.293,0,0,0,1,1,0,0,0.1429,54,199.841,0,1,0,0,0,0,0,0,0,0,0,0,0,0,0,1,13
7386,191.108,13,7,2,1,0,3,6,2.6136,38.0984,43.14,70.946,0,2,1,1,1,0,0,0.1429,70,334.755,0,1,0,0,0,0,0,0,0,0,0,0,0,0,0,1,13
7390,148.249,11,11,0,0,0,0,0,3.2925,49.879,0.0,69.256,0,0,0,1,1,0,0,0.4545,60,223.21,0,1,0,0,0,0,0,0,0,0,0,0,0,0,0,1,13
7394,180.556,11,7,0,0,0,4,4,3.3588,36.454,0.0,66.596,0,0,0,1,1,0,0,0.1429,60,236.858,0,1,0,0,0,0,0,0,0,0,0,0,0,0,0,1,13
7406,120.195,9,9,0,0,0,0,0,2.81,40.531,0.0,56.526,0,0,1,1,1,0,0,0.3333,48,162.653,0,1,0,0,0,0,0,0,0,0,0,0,0,0,0,1,13
7407,118.179,9,9,0,0,0,0,0,2.7197,41.15,0.0,55.837,0,0,1,1,1,0,0,0.1111,46,196.538,0,1,0,0,0,0,0,0,0,0,0,0,0,0,0,1,13
7409,122.167,9,8,1,0,0,0,1,1.7399,37.0758,20.23,54.956,1,1,1,1,1,0,0,0.25,48,167.182,0,0,0,0,0,1,0,0,0,0,0,0,0,0,0,1,11
7410,120.151,9,8,1,0,0,0,1,1.8892,36.4465,17.07,54.323,0,1,1,1,1,0,0,0.125,46,201.067,0,0,0,0,0,0,0,0,0,0,1,0,0,1,0,2,14
7411,161.031,9,7,0,0,0,2,2,3.1628,40.889,0.0,64.403,0,0,1,1,1,0,0,0.1429,48,169.531,0,1,0,0,0,0,0,0,0,0,1,0,0,0,0,2,13
7412,140.569,9,7,1,0,0,1,2,2.0656,36.6255,17.07,58.261,0,1,1,1,1,0,0,0.0,46,205.416,0,1,0,0,0,0,0,0,0,0,1,0,0,0,0,2,13
7416,123.111,9,6,2,1,0,0,3,1.5948,33.0964,43.14,52.084,0,2,1,1,1,0,0,0.0,46,207.558,0,0,0,0,0,0,0,0,0,0,1,0,0,0,0,1,15
7422,137.138,10,7,2,1,0,0,3,1.9032,37.8334,43.14,58.449,0,2,1,1,1,0,0,0.1429,52,257.538,0,1,0,0,0,0,0,0,0,0,0,0,0,0,0,1,13
7423,138.126,10,6,2,2,0,0,4,1.177,37.5088,69.16,57.424,1,3,1,1,1,0,0,0.0,52,259.68,0,0,0,0,0,0,0,0,0,0,0,0,0,1,0,1,14
7463,134.222,10,10,0,0,0,0,0,3.1184,45.268,0.0,62.891,0,0,1,1,1,0,0,0.4,54,193.783,0,1,0,1,0,0,0,0,0,0,0,0,0,0,0,2,2
7471,135.21,10,9,0,1,0,0,1,2.061,45.506,3.24,62.286,0,1,1,1,1,0,0,0.3333,54,198.473,0,1,0,0,0,0,0,0,0,0,0,0,0,0,0,1,13
7473,137.138,10,7,2,1,0,0,3,1.9032,37.8334,43.14,58.449,0,2,1,1,1,0,0,0.1429,52,240.288,0,1,0,0,0,0,0,0,0,0,0,0,0,0,0,2,13
7474,157.556,10,6,2,1,0,1,4,2.2482,38.1064,43.14,62.388,0,2,1,1,1,0,0,0.0,52,244.43,0,0,0,0,0,0,0,0,0,0,0,0,0,1,0,1,14
7475,138.126,10,6,2,2,0,0,4,1.177,37.5088,69.16,57.424,1,3,1,1,1,0,0,0.0,52,242.43,0,0,0,0,0,0,0,0,0,0,1,0,0,0,0,1,15
7476,150.177,11,9,2,0,0,0,2,1.8978,42.9985,26.3,65.801,0,2,2,1,1,0,0,0.2222,58,248.77,0,0,0,0,0,1,0,0,0,0,0,0,0,0,0,1,11
7498,171.037,8,7,0,0,0,1,1,2.5815,39.073,0.0,57.664,0,0,1,1,1,0,0,0.1429,42,145.733,0,0,0,0,0,0,0,0,0,0,1,0,0,0,0,1,15
7500,106.168,8,8,0,0,0,0,0,2.249,35.82,0.0,50.161,0,0,1,1,1,0,0,0.25,42,141.384,0,1,0,0,0,0,0,0,0,0,1,0,0,1,0,3,13
7501,104.152,8,8,0,0,0,0,0,2.3296,36.533,0.0,49.472,0,0,1,1,1,0,0,0.0,40,162.653,0,1,0,0,0,1,0,0,0,0,0,0,0,1,0,4,11
7502,105.14,8,7,0,1,0,0,1,1.7246,34.328,12.89,48.691,0,1,1,1,1,0,0,0.0,40,167.002,0,0,0,0,0,0,0,0,0,0,1,0,0,0,0,1,15
7503,126.586,8,7,0,0,0,1,1,2.4254,35.999,0.0,54.1,0,0,1,1,1,0,0,0.1429,42,145.733,0,1,0,0,0,0,0,0,0,0,1,0,0,0,0,2,13
7516,108.144,8,6,0,2,0,0,2,0.9722,34.2521,38.05,48.291,2,2,1,1,1,0,0,0.0,42,147.875,0,1,0,0,0,0,0,0,0,0,0,0,0,0,0,1,13
7519,108.14,8,7,1,0,0,0,1,1.6952,32.994,9.23,48.91,0,1,1,1,1,0,0,0.1429,42,145.733,0,1,0,0,0,0,0,0,0,0,0,0,1,1,0,3,3
7521,105.14,8,7,0,1,0,0,1,1.7246,34.328,12.89,48.691,0,1,1,1,1,0,0,0.0,40,167.002,0,0,0,0,0,0,0,0,0,0,1,0,0,0,0,1,15
7559,150.177,11,9,2,0,0,0,2,1.4021,42.162,26.3,65.801,0,2,2,1,1,0,0,0.2222,58,228.578,0,0,0,0,0,0,0,0,0,0,0,0,0,0,0,2,0
7580,168.239,13,13,0,0,0,0,0,3.2774,55.69,0.0,78.853,0,0,2,2,2,0,0,0.0769,64,310.812,0,0,0,0,0,0,0,0,0,0,0,0,0,0,0,2,0
7583,170.211,13,12,1,0,0,0,1,3.4789,52.958,9.23,77.602,0,1,2,2,2,0,0,0.0,64,315.899,0,0,0,0,0,0,0,0,0,0,0,0,0,0,0,1,0
7590,164.204,12,10,2,0,0,0,2,1.7922,46.779,26.3,72.166,0,2,3,1,1,0,0,0.3,64,241.275,0,0,0,0,0,0,0,0,0,0,0,0,0,1,0,2,14
7591,165.192,12,9,2,1,0,0,3,2.255,47.0867,38.33,71.351,1,2,2,1,1,0,0,0.2222,64,245.965,0,1,0,0,0,0,0,0,0,0,0,0,0,0,0,1,13
7619,252.364,16,11,1,2,2,0,5,2.6356,67.869,25.36,102.559,0,5,2,3,2,1,1,0.3636,84,446.544,0,0,0,0,0,0,0,0,0,0,0,0,0,1,0,1,14
7641,370.574,26,22,4,0,0,0,4,6.066,106.998,52.6,160.953,0,4,17,0,0,0,0,0.9091,154,320.051,0,1,0,0,0,0,0,0,0,0,0,0,0,0,0,1,13
7667,183.048,9,8,0,0,0,1,1,3.0522,44.403,0.0,63.339,0,0,1,1,1,0,0,0.0,46,188.982,0,0,0,0,0,1,0,0,0,0,0,0,0,0,0,1,11
7710,156.225,11,9,2,0,0,0,2,2.2723,43.256,26.3,67.928,0,2,4,1,0,1,1,0.8889,64,131.524,0,0,0,0,0,0,0,0,0,0,0,0,0,0,0,1,0
7720,130.231,9,8,1,0,0,0,1,2.1951,40.3918,20.23,58.088,1,1,5,0,0,0,0,1.0,56,48.529,0,0,0,0,0,1,0,0,0,0,0,1,0,1,0,4,5
7725,120.151,9,8,1,0,0,0,1,1.8075,36.5665,17.07,54.323,0,1,1,1,1,0,0,0.125,46,198.313,0,0,0,0,0,1,0,0,0,0,0,0,0,0,0,1,11
7728,121.183,9,8,0,1,0,0,1,1.9524,38.352,12.89,55.746,0,1,1,1,1,0,0,0.375,48,176.264,0,1,0,0,0,0,0,0,0,0,0,0,0,0,0,1,13
7731,122.167,9,8,1,0,0,0,1,2.0036,37.731,9.23,55.275,0,1,1,1,1,0,0,0.25,48,176.264,0,0,0,0,0,1,1,0,0,0,1,0,0,1,0,4,11
7734,134.222,10,10,0,0,0,0,0,2.8114,45.198,0.0,62.891,0,0,2,1,1,0,0,0.4,54,160.698,0,1,0,0,0,0,0,0,0,0,0,0,0,0,0,1,13
7735,144.214,10,8,2,0,0,0,2,0.7774,39.6196,40.46,61.876,2,2,2,1,0,1,1,1.0,60,73.258,0,0,0,0,0,0,0,0,0,0,0,0,0,1,0,1,14
7748,167.002,7,4,2,0,0,1,3,0.9444,30.427,26.3,50.977,0,2,2,0,0,0,0,0.75,42,62.71,0,0,0,0,0,0,0,0,0,0,1,0,0,0,0,1,15
7749,102.133,7,5,2,0,0,0,2,0.9595,26.924,26.3,43.474,0,2,2,0,0,0,0,0.8,42,59.1,0,0,0,0,0,0,1,0,0,0,0,0,0,0,0,2,12
7751,122.551,7,4,2,0,0,1,3,0.7883,27.353,26.3,47.412,0,2,2,0,0,0,0,0.75,42,62.71,0,0,0,0,0,0,1,0,0,0,1,0,0,0,0,2,12
7758,116.16,8,6,2,0,0,0,2,1.348,31.519,26.3,49.839,0,2,2,0,0,0,0,0.8333,48,78.598,0,0,0,0,0,0,1,0,0,0,0,0,0,0,0,1,12
7761,160.169,11,7,4,0,0,0,4,0.5027,37.883,52.6,65.479,0,4,4,0,0,0,0,0.7143,64,125.376,0,1,0,0,0,0,1,0,0,0,0,0,0,1,0,4,12
7762,116.16,8,6,2,0,0,0,2,1.3496,31.541,26.3,49.839,0,2,3,0,0,0,0,0.8333,48,60.929,0,0,0,0,0,0,0,0,0,0,0,0,0,0,0,1,0
7765,118.176,8,6,2,0,0,0,2,1.4054,32.714,18.46,50.791,0,2,4,0,0,0,0,1.0,50,39.793,0,0,0,0,0,0,0,1,0,0,1,0,0,0,1,3,1
7773,398.628,28,24,4,0,0,0,4,7.8296,115.872,52.6,173.612,0,4,20,0,0,0,0,0.9167,166,320.514,0,0,0,0,0,0,0,0,0,0,1,0,0,0,0,1,15
7794,154.253,11,10,1,0,0,0,1,2.9579,48.51,17.07,69.496,0,1,5,0,0,0,0,0.7,64,131.808,0,0,0,0,0,0,0,0,0,0,0,1,0,0,0,2,5
7798,158.197,11,8,3,0,0,0,3,1.6564,40.915,43.37,66.73,0,3,4,0,0,0,0,0.75,64,124.273,0,0,0,0,0,0,0,0,0,0,1,0,0,0,0,1,15
7802,114.188,8,7,1,0,0,0,1,2.1557,34.823,17.07,51.09,0,1,4,0,0,0,0,0.8571,48,66.787,0,0,0,0,0,0,1,1,0,0,0,0,0,0,0,2,4
7809,106.168,8,8,0,0,0,0,0,2.3034,35.916,0.0,50.161,0,0,0,1,1,0,0,0.25,42,138.898,0,1,0,0,0,0,0,0,0,0,0,0,0,1,0,2,13
7812,127.574,8,6,0,1,0,1,2,1.9222,35.8644,26.02,53.075,1,1,0,1,1,0,0,0.0,42,147.388,0,0,0,0,0,0,0,0,0,0,0,0,0,1,0,1,14
7813,107.156,8,7,0,1,0,0,1,1.5772,35.5914,26.02,49.136,1,1,0,1,1,0,0,0.1429,42,143.247,0,1,0,0,0,0,0,0,0,0,0,0,0,0,0,1,13
7830,354.575,25,22,3,0,0,0,3,6.5784,104.84,38.83,155.786,0,3,18,1,0,1,1,0.9545,148,316.394,0,0,0,0,1,0,1,0,0,0,0,0,0,0,0,2,6
7834,72.107,5,4,1,0,0,0,1,0.7952,20.031,12.53,31.942,0,1,1,1,0,1,1,1.0,30,30.629,1,0,0,0,0,0,0,0,0,0,1,0,0,0,0,2,10
7835,92.525,5,3,1,0,0,1,2,0.624,20.46,12.53,35.88,0,1,1,1,0,1,1,1.0,30,33.874,0,0,0,0,0,0,0,0,0,0,1,0,0,1,0,2,14
7837,142.154,10,7,3,0,0,0,3,0.5045,35.513,38.83,59.622,0,3,3,1,0,1,1,0.5714,56,158.234,0,0,0,0,0,0,1,0,0,0,0,0,0,0,0,1,12
7840,122.993,4,3,0,0,0,1,1,1.7913,24.085,0.0,35.337,0,0,1,0,0,0,0,1.0,26,5.245,0,0,0,0,0,0,0,0,0,0,0,0,0,1,0,1,14
7841,120.977,4,3,0,0,0,1,1,1.5673,23.991,0.0,34.647,0,0,1,0,0,0,0,0.3333,24,17.245,0,0,0,0,0,0,0,0,0,0,1,0,0,0,0,1,15
7844,56.108,4,4,0,0,0,0,0,1.5824,20.488,0.0,27.144,0,0,1,0,0,0,0,0.5,24,14.0,0,1,0,0,0,0,0,0,0,0,0,0,0,0,0,1,13
7845,54.092,4,4,0,0,0,0,0,1.3584,20.394,0.0,26.455,0,0,1,0,0,0,0,0.0,22,21.02,0,1,0,0,0,0,0,0,0,0,0,0,0,0,0,1,13
7847,56.064,4,3,1,0,0,0,1,0.3713,16.261,17.07,24.941,0,1,1,0,0,0,0,0.0,22,24.265,0,0,0,0,0,0,0,0,0,0,1,0,0,1,0,2,14
7850,76.526,4,3,0,0,0,1,1,1.4112,20.917,0.0,31.083,0,0,1,0,0,0,0,0.3333,24,17.245,0,0,0,0,0,0,0,0,0,0,1,0,0,0,0,1,15
7855,53.064,4,3,0,1,0,0,1,0.696,15.81,23.79,25.172,0,1,0,0,0,0,0,0.0,20,48.794,0,0,0,0,0,0,0,0,0,0,1,0,0,1,0,2,14
7856,75.498,4,2,0,1,0,1,2,0.7488,16.333,23.79,29.8,0,1,0,0,0,0,0,0.5,22,35.793,0,0,0,0,0,0,0,0,0,0,1,0,0,0,0,1,15
7858,58.08,4,3,1,0,0,0,1,0.1647,17.2828,20.23,25.574,1,1,1,0,0,0,0,0.3333,24,17.245,0,0,0,0,0,0,0,0,0,0,1,0,0,0,0,1,15
7859,56.064,4,3,1,0,0,0,1,-0.3881,15.9188,20.23,25.263,1,1,0,0,0,0,0,0.3333,22,33.038,0,0,0,0,0,0,0,0,0,0,0,0,0,0,0,1,0
7861,58.08,4,3,1,0,0,0,1,0.7763,17.206,9.23,25.893,0,1,1,0,0,0,0,0.3333,24,17.245,0,0,0,0,0,0,0,0,0,0,0,0,0,1,0,1,14
7867,175.518,7,3,0,0,0,3,4,2.8277,38.317,0.0,58.186,0,0,2,0,0,0,0,0.3333,42,65.07,0,0,0,0,0,0,0,0,0,0,1,0,0,0,0,1,15
7871,140.094,8,4,2,0,0,1,4,2.2038,30.8595,26.3,48.612,0,2,2,0,0,0,0,1.0,50,106.606,0,0,0,0,0,0,1,0,0,0,0,0,0,0,0,1,12
7873,290.189,17,8,7,0,0,0,9,3.3652,62.802,80.29,101.961,0,7,10,0,0,0,0,1.0,104,245.598,0,1,0,0,0,0,1,0,0,0,0,0,0,0,0,2,12
7885,205.588,9,5,0,0,0,3,4,3.8319,47.645,0.0,71.606,0,0,4,0,0,0,0,1.0,56,69.094,1,0,0,0,0,0,0,0,0,0,1,0,0,0,0,2,10
7903,89.094,6,3,2,1,0,0,3,0.6731,22.1524,43.14,36.122,0,2,2,0,0,0,0,1.0,36,52.755,0,0,0,0,0,0,1,0,0,0,0,0,0,0,0,1,12
7909,100.161,7,6,1,0,0,0,1,1.6215,30.136,17.07,44.725,0,1,2,0,0,0,0,0.8333,42,64.58,0,0,0,0,0,0,1,0,0,0,0,0,0,0,0,1,12
7914,102.177,7,6,1,0,0,0,1,1.8198,31.357,9.23,45.678,0,1,2,0,0,0,0,1.0,44,33.445,0,0,0,0,0,0,0,0,0,0,1,0,0,1,0,2,14
7915,102.133,7,5,2,0,0,0,2,0.9579,26.902,26.3,43.474,0,2,1,0,0,0,0,0.8,42,66.48,0,1,0,0,0,0,1,0,0,0,0,0,0,1,0,3,12
7917,122.551,7,4,2,0,0,1,3,1.7702,27.47,26.3,47.412,0,2,1,0,0,0,0,0.75,42,70.09,0,0,0,0,0,0,0,0,0,0,1,0,0,0,0,1,15
7918,102.089,7,4,3,0,0,0,3,0.096,22.447,43.37,41.271,0,3,0,0,0,0,0,0.5,40,83.108,0,0,0,0,0,0,0,0,0,0,1,0,0,0,0,1,15
7923,98.057,7,4,3,0,0,0,3,-0.374,20.239,43.37,39.575,0,3,0,1,0,1,0,0.0,36,129.014,0,0,0,0,0,0,0,0,0,0,1,0,0,0,0,1,15
7929,106.168,8,8,0,0,0,0,0,2.3034,35.916,0.0,50.161,0,0,0,1,1,0,0,0.25,42,159.898,0,1,0,0,0,0,0,0,0,0,0,0,0,1,0,2,13
7932,127.574,8,6,0,1,0,1,2,1.9222,35.8644,26.02,53.075,1,1,0,1,1,0,0,0.0,42,168.388,0,0,0,0,0,0,0,0,0,0,0,0,0,1,0,1,14
7934,107.156,8,7,0,1,0,0,1,1.5772,35.5914,26.02,49.136,1,1,0,1,1,0,0,0.1429,42,164.247,0,1,0,0,0,0,0,0,0,0,0,0,0,0,0,1,13
7937,107.156,8,7,0,1,0,0,1,1.6984,33.711,12.89,49.381,0,1,0,1,1,0,0,0.2857,42,164.247,0,0,0,0,0,0,0,0,1,0,0,0,0,0,0,1,8
7946,132.159,9,6,3,0,0,0,3,0.5844,33.104,35.53,54.953,0,3,3,0,0,0,0,0.8333,54,90.304,0,0,0,0,0,0,0,0,0,0,0,0,0,1,0,1,14
7947,120.195,9,9,0,0,0,0,0,2.6119,40.653,0.0,56.526,0,0,0,1,1,0,0,0.3333,48,160.801,0,1,0,0,0,0,0,0,0,0,0,0,0,1,0,2,13
7953,121.183,9,8,0,1,0,0,1,2.0069,38.448,12.89,55.746,0,1,0,1,1,0,0,0.375,48,165.33,0,1,0,0,0,0,0,0,0,0,0,0,0,0,0,1,13
7954,184.413,9,3,0,3,0,3,6,1.8318,34.857,38.67,66.0,0,3,0,1,1,0,0,0.0,48,175.065,0,0,0,0,0,0,0,0,0,0,1,0,0,0,0,1,15
7958,142.242,10,9,1,0,0,0,1,2.6477,43.917,17.07,63.82,0,1,4,0,0,0,0,0.8889,60,91.296,0,0,0,0,0,0,0,0,1,0,0,0,0,1,0,2,8
7959,144.214,10,8,2,0,0,0,2,1.9841,40.683,26.3,62.569,0,2,3,0,0,0,0,0.875,60,107.825,0,0,0,0,0,0,1,0,0,0,0,0,0,0,0,1,12
7961,157.01,7,6,0,0,0,1,1,2.4491,34.142,0.0,51.299,0,0,0,1,1,0,0,0.0,36,134.107,0,1,0,0,0,0,0,0,0,0,1,0,0,0,0,2,13
7964,112.559,7,6,0,0,0,1,1,2.34,31.452,0.0,47.735,0,0,0,1,1,0,0,0.0,36,134.107,0,1,0,0,0,0,0,0,0,0,0,0,0,0,0,1,13
7967,98.145,7,6,1,0,0,0,1,1.5196,28.092,17.07,43.72,0,1,0,1,0,1,1,0.8333,40,68.249,0,0,0,0,0,0,0,0,1,0,0,0,0,0,0,1,8
7991,102.133,7,5,2,0,0,0,2,1.2612,27.1608,37.3,43.155,1,1,3,0,0,0,0,0.8,42,59.1,1,0,0,0,0,0,0,0,0,0,0,0,0,0,0,1,10
7997,102.133,7,5,2,0,0,0,2,0.9595,26.924,26.3,43.474,0,2,2,0,0,0,0,0.8,42,59.1,0,0,0,0,0,0,1,0,0,0,0,0,0,0,0,1,12
8001,201.889,5,3,0,0,0,2,2,2.1663,32.205,0.0,49.204,0,0,2,0,0,0,0,1.0,32,12.365,0,0,0,0,0,0,0,0,0,0,0,0,0,1,0,1,14
8022,71.079,5,3,1,1,0,0,2,0.3421,18.6625,29.43,30.526,0,2,1,0,0,0,0,0.6667,28,53.913,0,0,0,0,0,0,0,0,0,0,1,0,0,0,0,1,15
8025,74.079,5,3,2,0,0,0,2,0.1793,17.69,26.3,30.744,0,2,2,0,0,0,0,0.6667,30,26.074,0,0,0,0,0,0,1,0,0,0,0,0,0,0,0,1,12
8026,75.067,5,2,2,1,0,0,3,0.7043,17.421,38.66,29.867,0,3,2,0,0,0,0,1.0,30,28.829,0,0,0,0,0,0,0,0,0,0,0,0,0,1,0,1,14
8028,72.107,5,4,1,0,0,0,1,0.7968,20.053,9.23,31.942,0,1,0,1,0,1,1,1.0,30,15.219,0,0,0,0,0,0,1,0,0,0,0,0,0,0,0,1,12
8030,84.143,5,4,0,0,1,0,1,1.7481,24.319,0.0,35.072,0,1,0,1,1,0,0,0.0,26,60.125,0,1,0,0,0,0,0,0,0,0,0,0,0,0,0,1,13
8034,114.188,8,7,1,0,0,0,1,2.0116,34.753,17.07,51.09,0,1,3,0,0,0,0,0.8571,48,74.456,0,0,0,0,0,0,1,0,0,0,0,0,0,0,0,1,12
8038,116.16,8,6,2,0,0,0,2,1.2055,31.471,26.3,49.839,0,2,2,0,0,0,0,0.8333,48,76.598,0,0,0,0,0,1,1,0,0,0,0,1,0,0,0,4,5
8040,118.088,8,4,4,0,0,0,4,0.0276,23.532,52.6,46.314,0,4,0,0,0,0,0,0.5,46,92.606,0,0,0,0,0,0,0,0,0,0,1,0,0,0,0,1,15
8051,114.188,8,7,1,0,0,0,1,2.1557,34.823,17.07,51.09,0,1,4,0,0,0,0,0.8571,48,66.787,0,0,0,0,0,0,1,0,0,0,0,0,1,0,0,2,3
8053,117.148,8,5,2,1,0,0,3,1.7305,31.202,38.66,48.961,0,3,4,0,0,0,0,1.0,48,63.449,0,0,0,0,0,0,1,0,0,0,0,0,0,0,0,1,12
8063,86.134,6,5,1,0,0,0,1,1.3755,25.589,17.07,38.361,0,1,3,0,0,0,0,0.8,36,32.92,0,0,0,0,0,0,0,0,0,0,1,0,0,0,0,1,15
8076,90.122,6,4,2,0,0,0,2,0.0152,23.5788,29.46,37.742,1,2,3,0,0,0,0,1.0,38,17.51,0,0,0,0,0,0,0,0,0,0,0,0,0,1,0,1,14
8078,84.162,6,6,0,0,0,0,0,2.3406,27.702,0.0,39.558,0,0,0,1,0,1,1,1.0,36,15.51,0,0,0,0,0,0,0,0,0,0,1,0,0,1,0,2,14
8079,82.146,6,6,0,0,0,0,0,2.1166,27.608,0.0,38.869,0,0,0,1,0,1,0,0.6667,34,45.059,0,0,0,0,0,0,0,0,0,0,0,0,0,1,0,1,14
8082,85.15,6,5,0,1,0,0,1,0.7599,26.7207,12.03,38.743,1,1,0,1,0,1,1,1.0,36,19.41,0,0,0,0,0,1,0,0,0,0,0,0,0,1,0,3,11
8091,158.241,11,9,2,0,0,0,2,2.5199,45.392,26.3,68.934,0,2,6,0,0,0,0,0.8889,66,99.736,0,0,0,0,0,0,1,0,0,0,0,0,0,0,0,2,12
8093,128.215,9,8,1,0,0,0,1,2.5458,39.44,17.07,57.455,0,1,5,0,0,0,0,0.875,54,76.637,0,0,0,0,1,1,1,1,0,0,0,0,0,0,0,5,4
8103,102.177,7,6,1,0,0,0,1,1.559,31.2278,20.23,45.358,1,1,4,0,0,0,0,1.0,44,23.361,0,0,0,0,0,0,0,0,0,0,0,0,0,1,0,1,14
8115,143.013,7,4,1,0,0,2,3,1.4806,32.259,9.23,53.554,0,1,4,0,0,0,0,1.0,44,28.871,0,0,0,0,0,0,0,0,0,0,1,0,0,1,0,2,14
8129,116.204,8,7,1,0,0,0,1,1.9491,35.8448,20.23,51.723,1,1,5,0,0,0,0,1.0,50,29.368,0,1,0,0,1,0,0,0,0,0,0,0,0,0,0,2,6
8130,114.188,8,7,1,0,0,0,1,2.1557,34.823,17.07,51.09,0,1,5,0,0,0,0,0.8571,48,50.349,0,0,0,0,1,0,1,0,0,0,1,0,0,0,0,3,6
8133,118.176,8,6,2,0,0,0,2,0.7954,32.8128,29.46,50.472,1,2,5,0,0,0,0,1.0,50,31.51,0,0,0,0,0,0,0,0,0,0,0,0,0,1,0,1,14
8139,214.349,15,13,2,0,0,0,2,4.0803,63.86,26.3,94.394,0,2,10,0,0,0,0,0.9231,90,143.471,0,0,0,0,1,1,0,0,0,0,0,0,0,0,0,3,6
8158,158.241,11,9,2,0,0,0,2,2.8216,45.6288,37.3,68.615,1,1,7,0,0,0,0,0.8889,66,99.736,0,0,0,0,1,0,0,0,0,0,0,0,0,0,0,2,6
8160,160.213,11,8,3,0,0,0,3,1.3662,42.36,35.53,67.682,0,3,6,0,0,0,0,0.875,66,101.51,0,0,0,0,0,0,1,0,0,0,0,0,0,1,0,2,12
8165,176.212,12,8,4,0,0,0,4,0.6026,43.945,44.76,72.796,0,4,7,0,0,0,0,0.875,72,113.625,0,0,0,0,0,0,0,0,0,0,0,0,0,1,0,1,14
8174,158.285,11,10,1,0,0,0,1,3.1194,49.6958,20.23,70.818,1,1,8,0,0,0,0,1.0,68,53.893,0,0,0,0,0,1,1,0,0,0,0,0,0,1,0,4,11
8175,156.269,11,10,1,0,0,0,1,3.326,48.674,17.07,70.185,0,1,8,0,0,0,0,0.9,66,78.942,0,0,0,1,1,1,0,0,0,0,0,0,0,1,0,6,2
8184,172.312,12,11,1,0,0,0,1,3.5095,54.3128,20.23,77.183,1,1,9,0,0,0,0,1.0,74,61.404,0,0,0,1,0,0,0,0,0,0,0,0,0,0,0,1,2
8193,186.339,13,12,1,0,0,0,1,3.8996,58.9298,20.23,83.548,1,1,10,0,0,0,0,1.0,80,71.194,0,0,0,0,1,1,0,0,0,0,0,0,0,0,0,2,6
8280,157.169,11,7,3,1,0,0,4,0.7637,37.947,46.61,65.119,0,3,1,1,0,1,1,0.7143,62,213.731,0,0,0,0,0,0,1,0,0,0,0,0,0,0,0,1,12
8286,397.798,23,19,0,0,0,3,4,4.9153,106.411,0.0,160.02,0,0,11,1,1,0,0,0.6842,134,412.849,0,1,0,0,0,0,0,0,0,0,0,0,0,0,0,1,13
8294,196.29,14,12,2,0,0,0,2,3.2406,59.033,26.3,86.649,0,2,5,0,0,0,0,0.5833,80,236.706,0,0,0,0,0,1,1,0,0,0,0,0,0,1,0,5,11
8297,243.29,13,6,3,1,2,0,7,1.373,59.4447,47.56,87.667,1,5,6,0,0,0,0,0.8333,78,204.056,0,1,0,0,0,0,0,0,0,0,0,0,0,0,0,1,13
8303,264.75,10,3,1,0,0,6,7,3.2959,45.587,17.07,87.45,0,1,0,0,0,0,0,0.6667,60,124.052,0,0,0,0,0,0,0,0,0,1,0,0,0,0,0,1,9
8360,197.021,11,5,2,2,0,2,6,1.3368,39.866,40.62,73.866,0,2,0,1,0,1,1,0.6,62,228.522,0,0,1,0,0,0,0,0,0,0,0,0,0,0,0,1,7
8363,228.247,17,14,3,0,0,0,3,2.7492,63.6683,46.53,99.288,1,3,3,2,2,0,0,0.0714,86,505.886,0,0,0,0,0,0,0,0,0,0,0,0,0,1,0,1,14
8369,126.111,9,6,3,0,0,0,3,0.6538,31.3798,50.44,51.557,1,3,0,1,1,0,0,0.1667,48,261.251,0,0,0,0,0,0,1,0,0,0,0,0,0,0,0,1,12
8400,212.248,16,14,2,0,0,0,2,2.6029,62.1743,37.3,94.174,1,2,3,2,2,0,0,0.0714,80,462.609,0,0,0,0,0,0,0,0,0,0,0,0,0,1,0,1,14
8404,132.206,10,10,0,0,0,0,0,2.5654,43.084,0.0,61.885,0,0,0,2,1,1,0,0.4,52,200.235,0,0,0,0,0,0,0,0,1,0,1,0,0,0,0,2,8
8418,178.234,14,14,0,0,0,0,0,3.993,61.454,0.0,82.795,0,0,0,3,3,0,0,0.0,66,488.759,0,1,0,0,0,0,0,0,0,0,0,0,0,0,0,1,13
8438,150.133,11,8,3,0,0,0,3,1.2278,37.9525,35.53,63.544,0,3,1,2,1,1,0,0.125,56,293.389,0,0,0,0,0,1,0,0,0,0,0,0,0,1,0,2,11
8442,324.486,22,18,3,0,1,0,4,4.4555,92.1164,35.53,136.406,0,3,10,2,1,1,0,0.6667,124,487.221,0,0,0,0,0,0,0,0,0,0,0,0,0,1,0,1,14
8452,84.118,6,5,1,0,0,0,1,1.1295,23.475,17.07,37.355,0,1,0,1,0,1,1,0.8,34,58.339,0,0,0,0,0,0,0,0,1,0,0,0,0,0,0,1,8
8467,166.176,12,9,3,0,0,0,3,1.6034,44.6633,46.53,70.596,1,3,3,1,1,0,0,0.2222,64,281.102,0,0,0,0,0,0,0,0,0,0,0,0,0,0,0,1,0
8469,192.214,14,11,3,0,0,0,3,1.6896,50.689,38.83,82.639,0,3,3,2,1,1,1,0.3636,74,320.564,0,0,0,0,0,0,1,0,0,0,0,0,0,0,0,1,12
8472,124.076,7,3,3,0,0,0,4,1.1525,27.947,27.69,44.569,0,3,3,0,0,0,0,1.0,44,31.651,0,0,0,0,0,0,0,0,0,0,1,0,0,0,0,2,15
8481,233.676,14,8,3,1,1,1,6,1.5725,53.7845,63.24,86.305,1,3,2,1,1,0,0,0.125,76,438.159,1,0,0,0,0,0,0,0,0,0,0,0,0,0,0,1,10
8554,194.186,14,10,4,0,0,0,4,1.2598,49.121,52.6,81.441,0,4,2,1,1,0,0,0.2,74,321.895,0,1,0,0,0,0,0,0,0,0,0,0,0,0,0,1,13
8635,151.165,11,8,2,1,0,0,3,1.0554,42.1939,52.32,64.776,1,3,1,1,1,0,0,0.125,58,270.549,0,0,0,0,0,1,0,0,0,0,0,0,0,0,0,1,11
8657,134.222,10,10,0,0,0,0,0,2.8114,45.198,0.0,62.891,0,0,2,1,1,0,0,0.4,54,177.948,0,1,0,0,0,0,0,0,0,0,0,0,0,0,0,1,13
8693,251.282,18,13,4,1,0,0,5,2.2152,65.384,65.49,106.121,0,5,6,1,1,0,0,0.4615,98,360.957,0,1,0,0,0,0,0,0,0,0,0,0,0,0,0,1,13
8785,150.177,11,9,2,0,0,0,2,1.7497,41.912,26.3,65.801,0,2,2,1,1,0,0,0.2222,58,228.578,0,0,0,0,0,1,1,0,0,0,0,0,0,1,0,7,11
8794,117.151,9,8,0,1,0,0,1,1.7527,35.759,23.79,54.554,0,1,1,1,1,0,0,0.125,44,207.759,0,1,0,0,0,0,0,0,0,0,0,0,0,0,0,1,13
8815,148.205,11,10,1,0,0,0,1,2.4237,46.895,9.23,67.315,0,1,3,1,1,0,0,0.2,58,223.133,0,0,0,0,0,0,0,0,0,0,0,0,0,1,0,1,14
8821,100.117,7,5,2,0,0,0,2,0.7355,26.83,26.3,42.784,0,2,2,0,0,0,0,0.4,40,76.149,0,0,0,0,0,0,0,0,0,0,1,0,0,0,0,1,15
8842,156.269,11,10,1,0,0,0,1,2.7513,49.5318,20.23,70.128,1,1,5,0,0,0,0,0.8,66,112.041,0,0,0,0,0,0,0,0,0,0,0,1,0,0,0,2,5
8846,128.171,9,7,2,0,0,0,2,1.5157,36.064,26.3,55.514,0,2,4,0,0,0,0,0.5714,52,97.089,0,0,0,0,0,0,1,0,0,0,0,0,0,0,0,1,12
8855,106.552,6,4,1,0,0,1,2,1.5519,25.768,17.07,42.299,0,1,2,0,0,0,0,0.75,36,51.51,1,0,0,0,0,0,0,0,0,0,1,0,0,0,0,2,10
8857,88.106,6,4,2,0,0,0,2,0.5694,22.307,26.3,37.109,0,2,1,0,0,0,0,0.75,36,49.51,0,0,0,0,0,0,1,0,0,0,0,0,0,0,0,2,12
8858,98.145,7,6,1,0,0,0,1,1.5416,30.112,17.07,44.036,0,1,1,0,0,0,0,0.5,40,96.748,0,0,0,0,0,0,0,0,1,0,0,0,0,0,0,2,8
8868,130.143,9,6,3,0,0,0,3,0.5286,31.931,43.37,54.001,0,3,3,0,0,0,0,0.6667,52,117.471,0,0,0,0,0,0,1,1,0,0,0,0,0,0,0,2,4
8881,112.987,5,3,0,0,0,2,2,1.8541,26.057,0.0,42.076,0,0,2,0,0,0,0,1.0,32,12.365,0,0,0,0,0,0,0,0,0,0,0,0,0,1,0,1,14
8894,86.134,6,5,1,0,0,0,1,1.1869,24.67,9.23,38.307,0,1,0,1,0,1,1,1.0,36,19.41,0,0,0,0,0,0,0,0,0,0,1,0,0,0,0,1,15
8908,144.214,10,8,2,0,0,0,2,2.1298,40.775,26.3,62.569,0,2,5,0,0,0,0,0.875,60,89.258,0,0,0,0,0,0,1,0,0,0,0,0,0,1,0,2,12
8914,144.258,10,9,1,0,0,0,1,2.7293,45.0788,20.23,64.453,1,1,7,0,0,0,0,1.0,62,44.69,0,0,0,0,0,1,0,0,0,0,0,0,0,0,0,1,11
9005,106.121,7,4,3,0,0,0,3,0.2092,24.815,27.69,43.175,0,3,3,0,0,0,0,1.0,44,28.406,0,0,0,0,0,0,0,0,0,0,1,0,0,0,0,1,15
9016,138.166,10,8,2,0,0,0,2,1.7038,39.546,18.46,60.388,0,2,2,1,1,0,0,0.25,54,167.917,0,0,0,0,0,0,0,0,0,0,0,0,0,1,0,1,14
9033,43.069,3,2,0,1,0,0,1,-0.4104,12.8697,21.94,19.648,1,1,0,1,0,1,1,1.0,18,7.51,0,0,0,0,0,0,0,0,0,0,1,0,0,0,0,1,15
9223,118.135,9,8,1,0,0,0,1,2.4328,36.214,13.14,52.907,0,1,0,2,2,0,0,0.0,44,278.545,0,1,0,0,0,0,0,0,0,0,0,0,0,0,0,1,13
9253,70.135,5,5,0,0,0,0,0,1.9505,23.085,0.0,33.193,0,0,0,1,0,1,1,1.0,30,11.61,0,0,0,0,0,0,0,0,0,0,0,0,0,1,0,1,14
9481,215.001,12,7,0,0,0,5,5,4.0122,41.464,0.0,76.899,0,0,0,1,1,0,0,0.1429,66,293.193,0,1,0,0,0,0,0,0,0,0,0,0,0,0,0,1,13
9550,42.041,3,1,0,2,0,0,2,-0.0832,10.7404,36.4,18.322,0,0,0,0,0,0,0,0.0,16,23.774,0,0,0,0,0,0,0,0,0,1,0,0,0,0,0,1,9
9862,126.199,9,8,1,0,0,0,1,2.3218,39.346,17.07,56.766,0,1,3,0,0,0,0,0.625,52,118.529,0,0,0,1,1,0,0,1,0,0,0,0,0,0,0,3,2
9999,52.036,4,2,0,2,0,0,2,0.0336,11.226,47.58,23.889,0,2,0,0,0,0,0,0.0,18,59.02,0,0,0,0,0,0,0,0,0,0,1,0,0,0,0,1,15
10026,117.148,8,5,2,1,0,0,3,1.8746,31.272,38.66,48.961,0,3,5,0,0,0,0,1.0,48,56.39,0,0,0,0,0,0,1,0,0,0,0,0,0,0,0,1,12
10110,70.047,5,3,2,0,0,0,2,-0.2958,16.4688,37.3,29.424,1,1,0,0,0,0,0,0.0,26,77.384,1,0,0,0,0,0,0,0,0,0,0,0,0,0,0,1,10
10234,322.317,23,15,6,2,0,0,8,3.8881,83.5228,112.58,132.607,0,6,6,1,1,0,0,0.4,124,676.79,0,1,0,0,0,0,0,0,0,0,0,0,0,0,0,1,13
10297,151.209,11,9,1,1,0,0,2,1.0672,45.0512,46.25,66.66,2,2,2,1,1,0,0,0.3333,60,208.063,0,1,0,0,0,0,0,0,0,0,0,0,0,0,0,1,13
10364,150.221,11,10,1,0,0,0,1,2.824,46.9328,20.23,67.685,1,1,1,1,1,0,0,0.4,60,251.05,0,0,0,0,0,0,0,0,0,0,0,0,0,0,0,1,0
10423,58.08,4,3,1,0,0,0,1,0.4067,15.436,9.23,25.577,0,1,0,1,0,1,1,1.0,24,11.245,0,1,0,0,0,0,0,0,0,0,0,0,0,0,0,1,13
10426,197.832,8,2,2,0,0,4,6,2.6895,32.624,26.3,65.592,0,2,0,0,0,0,0,0.5,48,94.702,0,0,0,0,0,0,0,0,0,0,0,0,0,0,0,1,0
10461,159.081,7,4,0,0,1,2,3,2.1972,38.765,0.0,58.564,0,1,4,0,0,0,0,1.0,44,28.871,0,0,0,0,0,0,0,0,0,0,0,0,0,1,0,1,14
10477,61.471,3,1,0,1,0,1,2,0.7063,11.466,23.79,23.435,0,1,0,0,0,0,0,0.0,16,26.265,1,0,0,0,0,0,0,0,0,0,1,0,0,0,0,2,10
10478,152.922,3,1,0,1,0,1,2,0.9025,19.633,23.79,32.394,0,1,0,0,0,0,0,0.0,16,26.265,0,0,0,0,0,0,0,0,0,0,1,0,0,0,0,1,15
10482,122.949,4,2,1,0,0,1,2,0.9278,19.608,17.07,33.133,0,1,0,0,0,0,0,0.5,24,29.02,0,0,0,0,0,0,0,0,0,0,1,0,0,0,0,1,15
10509,196.031,13,1,8,4,0,0,12,-1.2955,30.7086,172.56,67.351,0,8,4,0,0,0,0,1.0,72,231.009,0,0,0,0,0,0,0,0,0,0,1,0,0,0,0,1,15
10658,186.166,14,11,3,0,0,0,3,2.5392,52.256,43.35,78.555,0,3,0,3,3,0,0,0.0,68,660.655,0,0,0,0,0,0,0,0,0,0,0,0,0,0,0,1,0
10686,120.195,9,9,0,0,0,0,0,2.6119,40.653,0.0,56.526,0,0,0,1,1,0,0,0.3333,48,191.028,0,1,0,0,0,0,0,0,0,0,0,0,0,0,0,1,13
10687,122.167,9,8,1,0,0,0,1,2.009,37.5808,20.23,54.956,1,1,0,1,1,0,0,0.25,48,195.558,0,0,0,0,0,0,0,0,0,0,0,0,0,1,0,1,14
10757,154.596,10,8,1,0,0,1,2,2.1081,41.4925,17.07,64.626,0,1,2,1,1,0,0,0.125,52,217.959,0,0,0,0,0,0,0,0,0,0,0,0,0,0,0,1,0
10760,226.272,16,12,4,0,0,0,4,1.9816,58.738,52.6,95.608,0,4,4,1,0,1,0,0.6667,90,314.98,0,1,0,0,0,0,0,0,0,0,0,0,0,0,0,1,13
10788,162.283,9,5,0,2,2,0,4,0.7967,45.449,6.48,65.195,0,3,0,1,0,1,1,0.8,52,126.126,0,0,0,0,0,0,0,0,0,0,1,0,0,0,0,1,15
10795,90.122,6,4,2,0,0,0,2,0.6252,23.48,18.46,38.061,0,2,2,0,0,0,0,1.0,38,24.729,0,1,0,0,0,0,0,1,0,0,0,0,0,0,0,2,4
10836,149.237,11,10,0,1,0,0,1,1.837,48.6677,12.03,68.441,1,1,3,1,1,0,0,0.4,60,193.288,0,0,0,0,0,0,0,0,0,0,0,0,0,0,0,1,0
10868,206.333,15,13,0,2,0,0,2,3.8257,63.609,24.72,92.898,0,2,2,2,0,2,2,0.9231,84,206.921,0,0,0,0,0,0,0,0,0,0,0,0,0,1,0,1,14
10900,96.944,4,2,0,0,0,2,2,1.9352,20.846,0.0,35.021,0,0,0,0,0,0,0,0.0,24,19.219,0,0,0,0,0,0,0,0,0,0,0,0,0,1,0,1,14
10908,116.16,8,6,2,0,0,0,2,1.348,31.519,26.3,49.839,0,2,0,0,0,0,0,0.8333,48,89.192,0,0,0,0,0,0,1,0,0,0,0,0,0,0,0,1,12
10923,207.319,6,2,0,0,0,3,4,2.2439,32.453,0.0,54.646,0,0,1,0,0,0,0,0.0,36,50.755,0,0,0,0,0,0,0,0,0,0,0,0,0,0,0,1,0
10928,108.524,6,3,2,0,0,1,3,1.3817,22.875,26.3,41.047,0,2,1,0,0,0,0,0.6667,36,52.755,1,0,0,0,0,0,0,0,0,0,0,0,0,0,0,1,10
10946,170.979,9,4,3,0,0,2,5,0.5338,32.539,43.37,61.877,0,3,2,0,0,0,0,0.5,52,108.981,0,0,0,0,0,0,0,0,0,0,1,0,0,0,0,1,15
10947,238.415,17,16,1,0,0,0,1,5.2765,74.192,17.07,107.369,0,1,0,1,0,1,1,0.9375,100,197.702,0,0,0,0,0,0,0,0,0,0,0,0,0,1,0,4,14
10977,106.596,6,5,0,0,0,1,1,2.4154,30.245,0.0,44.502,0,0,3,0,0,0,0,1.0,38,15.9,0,0,0,0,0,0,0,0,0,0,0,0,0,1,0,1,14
10986,230.5,9,4,4,0,0,0,5,-2.4901,21.362,80.26,73.034,0,4,0,0,0,0,0,0.5,48,70.568,1,0,0,0,0,0,0,0,0,0,0,0,0,0,0,1,10
10989,158.285,11,10,1,0,0,0,1,3.0952,49.729,9.23,71.137,0,1,6,0,0,0,0,1.0,68,66.942,0,0,0,0,0,0,1,0,0,0,0,0,0,0,0,1,12
10997,130.112,7,2,4,0,0,0,5,-3.6486,17.882,80.26,70.137,0,4,0,0,0,0,0,0.0,36,30.671,1,0,0,0,0,0,0,0,0,0,0,0,0,0,0,1,10
11025,443.376,17,8,8,0,0,0,9,-5.356,48.478,160.52,118.417,0,8,0,0,0,0,0,0.5,98,161.565,1,0,0,0,0,0,0,0,0,0,0,0,0,0,0,1,10
11088,550.218,24,20,2,0,0,2,4,7.6748,118.826,18.46,173.262,0,2,5,2,2,0,0,0.4,130,673.404,0,1,0,0,0,0,0,0,0,0,0,0,0,0,0,1,13
11124,88.106,6,4,2,0,0,0,2,0.5694,22.307,26.3,37.109,0,2,1,0,0,0,0,0.75,36,43.51,0,0,0,0,0,0,1,0,0,0,0,0,0,1,0,2,12
11419,112.172,8,7,1,0,0,0,1,1.7656,32.639,17.07,50.085,0,1,0,1,0,1,1,0.8571,46,96.56,0,0,0,0,0,0,0,0,1,0,0,0,0,0,0,1,8
11443,174.159,13,9,2,2,0,0,4,1.9296,46.742,58.86,74.64,0,4,2,1,1,0,0,0.1111,64,413.623,0,0,0,0,0,0,0,0,0,0,1,0,0,0,0,1,15
11463,136.238,10,10,0,0,0,0,0,3.453,45.982,0.0,63.639,0,0,0,1,0,1,0,0.6,56,178.215,0,0,0,0,0,0,0,0,0,0,0,0,0,1,0,1,14
11487,169.227,13,12,0,1,0,0,1,3.4302,56.1667,12.03,78.038,1,1,2,2,2,0,0,0.0,64,315.899,0,0,0,0,0,1,0,0,0,0,0,0,0,0,0,1,11
11552,86.134,6,5,1,0,0,0,1,1.2314,25.519,17.07,38.361,0,1,2,0,0,0,0,0.8,36,39.203,0,0,0,0,0,0,0,0,0,0,0,0,0,0,0,1,0
11583,100.161,7,6,1,0,0,0,1,1.7656,30.206,17.07,44.725,0,1,3,0,0,0,0,0.8333,42,57.2,0,0,0,0,0,0,0,0,0,0,1,0,0,0,0,1,15
11641,106.95,3,2,0,0,0,1,1,1.5248,19.124,0.0,28.282,0,0,0,0,0,0,0,0.0,18,10.265,0,0,0,0,0,0,0,0,0,0,1,0,0,0,0,1,15
11711,174.89,5,2,0,0,0,2,3,1.9721,27.941,0.0,45.033,0,0,1,0,0,0,0,1.0,32,21.61,0,0,0,0,0,0,1,0,0,0,0,0,0,0,0,1,12
11715,136.976,5,3,1,0,0,1,2,0.9703,24.475,17.07,39.498,0,1,1,0,0,0,0,0.6667,30,42.158,0,0,0,0,0,0,0,0,0,0,1,0,0,0,0,1,15
11734,108.524,6,3,2,0,0,1,3,0.6983,22.9508,37.3,40.728,1,1,1,0,0,0,0,0.6667,36,59.814,0,0,0,0,0,0,0,0,0,0,1,0,0,0,0,1,15
11839,344.828,11,7,1,0,0,3,4,3.9827,56.094,9.23,90.513,0,1,1,1,1,0,0,0.1429,60,249.383,0,0,0,0,0,0,0,0,0,1,0,0,0,0,0,1,9
11966,194.23,14,11,3,0,0,0,3,2.5735,52.6955,35.53,83.574,0,3,2,1,1,0,0,0.3636,76,298.059,0,1,0,0,0,0,0,0,0,0,0,0,0,0,0,1,13
12001,132.119,9,4,3,2,0,0,5,0.7561,30.58,58.97,52.534,0,4,2,0,0,0,0,0.75,52,114.38,0,0,0,0,0,0,0,0,0,0,0,0,0,1,0,1,14
12141,152.193,11,9,2,0,0,0,2,1.1955,43.1838,29.46,66.434,1,2,4,1,1,0,0,0.3333,60,184.014,0,0,0,0,0,0,0,0,0,0,0,1,0,0,0,1,5
12180,102.133,7,5,2,0,0,0,2,0.9595,26.924,26.3,43.474,0,2,2,0,0,0,0,0.8,42,59.1,0,0,0,0,0,0,0,0,0,0,0,0,0,0,0,1,0
12278,130.187,9,7,2,0,0,0,2,1.7381,36.136,26.3,56.204,0,2,3,0,0,0,0,0.8571,54,88.917,0,0,0,0,0,0,1,0,0,0,0,0,0,0,0,1,12
12307,105.093,7,3,3,1,0,0,4,0.6047,23.2374,52.37,41.19,0,3,3,0,0,0,0,1.0,42,63.2,0,0,0,0,0,0,0,0,0,0,0,0,0,1,0,1,14
12512,102.177,7,6,1,0,0,0,1,1.8214,31.379,9.23,45.678,0,1,1,0,0,0,0,1.0,44,42.632,0,0,0,0,0,0,0,0,0,0,0,0,0,1,0,1,14
12573,178.986,9,6,0,0,0,2,3,3.1014,44.702,0.0,65.122,0,0,1,1,1,0,0,0.0,48,173.673,0,0,0,0,0,0,0,0,0,0,1,0,0,0,0,1,15
12661,84.074,6,4,2,0,0,0,2,0.447,19.849,26.3,35.414,0,2,0,1,0,1,1,0.25,32,82.116,0,0,0,0,0,0,0,0,0,0,1,0,0,0,0,1,15
12671,132.914,5,1,1,0,0,2,4,2.2869,25.2365,17.07,40.22,0,1,0,0,0,0,0,1.0,32,55.784,0,0,0,0,0,0,0,0,0,0,1,0,0,0,0,1,15
12679,179.204,11,6,1,3,0,0,5,0.7793,48.6675,26.79,69.302,0,1,3,0,0,0,0,1.0,68,138.681,0,1,0,0,0,0,0,0,0,0,0,0,1,0,0,2,3
12695,166.02,10,3,1,0,0,6,7,1.6801,17.117,17.07,50.624,0,1,0,0,0,0,0,0.6667,60,124.052,0,0,0,0,0,0,0,0,0,1,0,0,0,0,0,1,9
12748,99.158,6,4,0,1,1,0,2,1.4515,26.851,12.89,40.656,0,2,0,1,1,0,0,0.25,32,111.109,0,0,0,0,0,0,0,1,0,0,0,0,0,0,0,2,4
12844,198.306,14,12,2,0,0,0,2,3.4426,57.107,26.3,87.023,0,2,6,1,0,1,1,0.9167,82,165.705,0,0,0,0,0,0,1,0,0,0,0,0,0,0,0,3,12
12968,189.324,12,9,1,1,1,0,3,2.9815,55.683,20.31,79.703,0,2,5,0,0,0,0,0.8889,72,121.697,0,1,0,0,0,0,0,0,0,0,0,0,0,0,0,1,13
13002,72.063,5,3,2,0,0,0,2,-0.4159,15.804,29.6,29.738,0,2,1,1,0,1,1,0.6667,28,46.855,0,0,0,0,0,0,0,0,0,0,1,0,0,0,0,1,15
13032,135.21,10,9,0,1,0,0,1,2.5069,45.2007,12.03,62.076,1,1,2,1,1,0,0,0.3333,54,179.18,0,1,0,0,0,0,0,0,0,0,0,0,0,1,0,2,13
13143,84.118,6,5,1,0,0,0,1,1.1515,25.495,17.07,37.671,0,1,1,0,0,0,0,0.4,34,69.939,0,0,0,0,0,0,0,0,0,0,1,0,0,0,0,1,15
13165,116.116,8,5,3,0,0,0,3,-0.2921,28.2418,46.53,47.579,1,3,3,0,0,0,0,0.4,46,87.675,0,0,0,0,0,0,0,0,0,0,0,0,0,1,0,1,14
13192,168.196,12,8,2,2,0,0,4,1.2184,44.445,58.86,71.408,0,4,7,0,0,0,0,0.75,66,169.235,0,0,0,0,0,0,0,0,0,0,1,0,0,0,0,1,15
13676,246.337,14,10,1,0,2,0,4,4.1446,68.751,9.23,95.083,0,3,5,1,1,0,0,0.4,78,313.158,0,1,0,0,0,0,0,0,0,0,1,0,0,0,0,2,13
14215,203.351,13,10,1,1,1,0,3,3.3716,60.3,20.31,86.068,0,2,6,0,0,0,0,0.9,78,138.886,0,1,0,0,0,0,0,0,0,0,0,0,0,0,0,1,13
14304,205.16,11,8,0,0,0,2,3,2.8333,54.017,0.0,77.56,0,0,2,1,1,0,0,0.25,60,220.793,1,0,0,0,0,0,0,0,0,0,0,0,0,0,0,1,10
14337,215.362,14,11,1,1,1,0,3,3.5141,62.781,20.31,91.427,0,2,3,1,0,1,1,0.9091,82,178.126,0,1,0,0,0,0,0,0,0,0,0,0,0,0,0,1,13
14780,182.182,5,0,0,0,0,0,5,0.58,31.102,0.0,129.217,0,0,0,0,0,0,0,0.0,16,4.855,0,0,0,0,0,0,0,0,0,1,0,0,0,0,0,1,9
14862,156.269,11,10,1,0,0,0,1,3.1819,48.604,17.07,70.185,0,1,7,0,0,0,0,0.9,66,86.874,0,0,0,0,0,0,1,0,0,0,0,0,0,1,0,2,12
14896,136.238,10,10,0,0,0,0,0,2.9987,43.752,0.0,63.322,0,0,0,3,0,3,3,0.8,56,174.477,0,0,0,0,0,0,0,0,0,0,0,0,0,0,1,2,1
14899,212.333,15,13,2,0,0,0,2,3.7122,63.696,26.3,93.704,0,2,9,0,0,0,0,0.7692,88,173.375,0,0,0,0,0,0,0,0,0,0,1,0,0,0,0,1,15
14923,35.046,2,0,1,1,0,0,2,0.1994,7.9206,66.5,12.985,1,1,0,0,0,0,0,0.0,16,2.0,0,0,0,0,0,0,0,0,0,0,1,0,0,0,0,1,15
15122,124.998,6,4,0,0,0,2,2,2.0202,30.58,0.0,47.751,0,0,2,0,0,0,0,0.5,36,34.813,0,0,0,0,0,0,0,0,0,0,1,0,0,1,0,2,14
15965,241.461,13,6,2,2,0,3,7,2.3222,50.6387,76.21,88.221,2,3,1,1,1,0,0,0.0,70,380.632,0,0,1,0,0,0,0,0,0,0,0,0,0,0,0,1,7
16043,166.22,12,10,2,0,0,0,2,2.3953,48.4716,40.46,72.48,2,2,0,1,1,0,0,0.4,66,284.38,0,1,0,0,0,0,0,0,0,0,0,0,0,0,0,1,13
16181,217.378,14,11,1,1,1,0,3,3.4735,64.777,20.31,92.433,0,2,5,0,0,0,0,0.9091,84,158.67,0,1,0,0,0,0,0,0,0,0,0,0,0,0,0,1,13
16238,170.255,13,13,0,0,0,0,0,3.9632,58.037,0.0,79.208,0,0,1,2,2,0,0,0.2308,66,413.063,0,0,0,0,0,0,0,0,0,0,0,0,0,1,0,1,14
16421,323.31,21,14,4,1,1,0,7,3.6451,85.7114,61.6,127.392,0,5,6,2,2,0,0,0.1429,110,660.434,0,1,0,0,0,0,0,0,0,0,0,0,0,0,0,1,13
16591,148.296,8,6,0,0,2,0,2,2.9638,45.404,0.0,59.521,0,2,5,0,0,0,0,0.6667,48,52.49,0,0,0,0,0,0,0,0,0,0,1,0,0,0,0,1,15
16653,187.308,12,9,1,1,1,0,3,2.7355,53.569,20.31,78.697,0,2,1,1,0,1,1,0.8889,70,141.464,0,1,0,0,0,0,0,0,0,0,0,0,0,0,0,1,13
16666,156.269,11,10,1,0,0,0,1,2.4395,47.3498,20.23,69.812,1,1,1,1,0,1,1,1.0,66,120.041,0,0,0,0,0,0,0,0,1,0,0,0,0,0,0,1,8
16692,403.734,18,10,0,0,0,8,8,8.067,84.028,0.0,142.539,0,0,0,2,2,0,0,0.0,96,562.853,0,1,0,0,0,0,0,0,0,0,0,0,0,0,0,1,13
16726,197.965,11,3,3,3,0,2,8,-1.2979,38.0847,76.86,68.825,1,3,0,1,1,0,0,0.0,60,403.116,0,0,1,0,0,0,0,0,0,0,0,0,0,0,0,1,7
17038,349.066,18,10,2,1,1,4,8,3.5209,74.729,37.38,128.877,0,3,3,2,0,2,1,0.6,100,386.682,0,0,0,0,0,0,0,0,0,0,1,0,0,0,0,1,15
17100,154.253,11,10,1,0,0,0,1,2.5037,47.3958,20.23,69.123,1,1,1,1,0,1,0,0.8,64,162.202,0,0,0,0,0,1,0,0,0,0,0,0,0,0,0,1,11
17435,320.372,19,12,4,0,2,0,7,3.5413,81.71,44.76,122.288,0,6,7,1,1,0,0,0.4167,106,444.302,0,1,0,0,0,0,0,0,0,0,0,0,0,0,0,1,13
17581,207.056,12,8,2,0,0,2,4,3.0106,49.566,18.46,80.995,0,2,2,1,1,0,0,0.25,66,256.882,0,0,0,0,0,0,0,0,0,1,0,0,0,0,0,1,9
17816,142.198,10,8,2,0,0,0,2,1.7617,40.611,26.3,61.879,0,2,4,0,0,0,0,0.625,58,116.426,0,0,0,0,0,0,1,0,0,0,0,0,0,0,0,1,12
18052,120.535,7,4,2,0,0,1,3,1.5478,27.398,26.3,46.723,0,2,2,0,0,0,0,0.25,40,79.759,0,0,0,0,0,0,0,0,0,0,1,0,0,0,0,1,15
18609,378.433,21,12,5,0,2,0,9,5.1584,94.627,46.15,139.081,0,7,14,0,0,0,0,1.0,128,298.539,0,1,0,0,0,0,0,0,0,0,0,0,0,0,0,1,13
18996,330.255,21,16,2,1,0,2,5,4.4147,86.2475,29.54,135.716,0,3,5,2,1,1,1,0.5625,116,493.165,0,0,0,0,0,0,0,0,0,1,0,0,0,0,0,1,9
19309,128.127,9,6,3,0,0,0,3,0.7637,30.8828,46.53,52.938,1,3,0,1,0,1,0,0.5,50,180.742,0,0,0,0,0,0,0,0,0,0,0,0,0,0,0,1,0
19883,169.4,5,0,0,0,1,3,5,2.9273,31.844,0.0,49.781,0,1,0,0,0,0,0,0.0,32,53.029,0,0,0,0,0,0,0,0,0,0,1,0,0,0,0,1,15
20011,251.161,15,9,0,4,0,2,6,-2.7485,54.8394,9.72,101.657,0,3,2,4,0,4,4,0.7778,86,233.554,0,0,0,0,0,0,0,0,0,0,1,0,0,0,0,1,15
20083,130.231,9,8,1,0,0,0,1,2.3376,40.4398,20.23,58.088,1,1,5,0,0,0,0,1.0,56,50.529,0,1,0,0,0,0,0,0,0,0,0,0,0,0,0,1,13
20568,303.777,16,12,0,0,0,3,4,6.5626,79.964,0.0,116.16,0,0,11,0,0,0,0,1.0,98,145.69,1,0,0,0,0,0,0,0,0,0,1,0,0,0,0,2,10
21354,247.669,12,8,0,0,0,3,4,5.0022,61.496,0.0,90.701,0,0,7,0,0,0,0,1.0,74,100.966,0,0,0,0,0,0,0,0,0,0,1,0,0,0,0,1,15
21355,261.696,13,9,0,0,0,3,4,5.3923,66.113,0.0,97.066,0,0,8,0,0,0,0,1.0,80,111.918,0,0,0,0,0,0,0,0,0,0,1,0,0,0,0,1,15
21648,164.204,12,10,2,0,0,0,2,1.9138,47.1088,37.3,71.847,1,2,3,1,1,0,0,0.3,64,261.672,0,0,0,0,0,0,1,0,0,0,0,0,0,1,0,3,12
22044,196.047,10,8,0,1,0,1,2,2.6462,43.723,23.79,68.421,0,1,1,1,1,0,0,0.125,50,237.185,0,0,0,0,0,0,1,0,0,0,0,0,0,0,0,1,12
22311,136.238,10,10,0,0,0,0,0,3.3089,45.912,0.0,63.639,0,0,1,1,0,1,0,0.6,56,162.877,0,0,0,0,0,0,0,0,0,0,0,0,0,0,0,1,0
23984,76.642,1,0,0,0,0,0,1,-1.4516,11.334,0.0,18.466,0,0,0,0,0,0,0,0.0,8,0,0,0,0,0,0,0,0,0,0,0,1,0,0,0,0,1,15
24007,110.958,3,0,2,0,0,0,3,-0.6184,7.127,34.14,23.395,0,2,0,0,0,0,0,0.0,18,23.774,0,0,0,0,0,0,0,0,0,0,1,0,0,0,0,1,15
24193,189.679,5,0,0,0,0,4,5,2.7555,23.412,0.0,49.207,0,0,0,0,0,0,0,0.0,32,19.119,1,0,0,0,0,0,0,0,0,0,0,0,0,0,0,1,10
24273,192.756,5,0,0,0,0,4,5,2.7555,23.412,0.0,49.387,0,0,0,0,0,0,0,0.0,33,19.119,0,0,0,0,0,0,0,0,0,0,1,0,0,0,0,1,15
24294,299.025,6,0,0,0,0,5,6,3.0667,35.019,0.0,55.075,0,0,0,0,0,0,0,0.0,40,37.119,0,0,0,0,0,0,0,0,0,0,1,0,0,0,0,1,15
24386,118.972,4,0,1,0,1,2,4,1.0427,19.8484,17.07,35.363,0,1,0,0,0,0,0,0.0,26,29.02,0,0,0,0,0,0,0,0,0,0,1,0,0,0,0,1,15
24387,137.333,4,0,0,0,0,3,4,2.9297,24.479,0.0,40.161,0,0,0,0,0,0,0,0.0,26,8.0,1,0,0,0,0,0,0,0,0,0,1,0,0,0,0,2,10
24402,115.025,6,0,4,1,0,0,6,-1.1844,18.0289,117.09,34.442,3,2,0,0,0,0,0,0.0,40,53.684,1,0,0,0,0,0,0,0,0,0,0,0,0,0,0,1,10
24504,142.982,5,0,2,0,0,2,5,-1.3798,17.46,46.12,70.036,0,2,0,0,0,0,0,0.0,28,7.61,0,0,1,0,0,0,0,0,0,0,0,0,0,0,0,1,7
24524,37.996,2,0,0,0,0,2,2,0.8404,2.216,0.0,10.565,0,0,0,0,0,0,0,0.0,14,0.0,0,0,0,0,0,0,0,0,0,0,1,0,0,0,0,1,15
24526,70.906,2,0,0,0,0,2,2,1.379,11.706,0.0,22.571,0,0,0,0,0,0,0,0.0,14,0.0,0,0,0,0,0,0,0,0,0,0,1,0,0,0,0,1,15
24530,43.029,3,0,0,3,0,0,3,0.8755,9.4377,60.25,17.298,1,1,0,0,0,0,0,0.0,16,21.02,0,0,0,0,0,0,0,0,0,0,1,0,0,0,0,1,15
24553,71.001,4,0,0,1,0,3,4,0.9419,5.163,3.24,20.437,0,1,0,0,0,0,0,0.0,26,8.0,0,0,0,0,0,0,0,0,0,1,1,0,0,0,0,2,9
24556,104.078,5,0,0,0,0,4,5,1.3,10.186,0.0,27.114,0,0,0,0,0,0,0,0.0,32,19.119,0,0,0,0,0,0,0,0,0,0,1,0,0,0,0,1,15
24638,116.525,5,0,3,0,1,1,5,0.028,17.4016,54.37,33.81,1,2,0,0,0,0,0,0.0,32,90.061,0,0,0,0,0,0,0,0,0,0,1,0,0,0,0,1,15
24647,165.865,4,0,1,0,0,2,4,0.8794,18.1465,17.07,36.432,0,1,0,0,0,0,0,0.0,26,29.02,0,0,0,0,0,0,0,0,0,0,1,0,0,0,0,1,15
24648,134.971,5,0,2,0,1,2,5,0.7088,20.6258,34.14,38.614,0,2,0,0,0,0,0,0.0,32,90.816,0,0,0,0,0,0,0,0,0,0,1,0,0,0,0,1,15
24670,324.423,25,24,1,0,0,0,1,6.8325,104.836,9.23,148.722,0,1,3,4,4,0,0,0.0,122,766.282,0,1,0,0,0,0,0,0,0,0,0,0,0,0,0,1,13
24726,110.971,5,3,0,0,0,2,2,1.9777,25.713,0.0,41.386,0,0,1,0,0,0,0,0.3333,30,31.874,0,0,0,0,0,0,0,0,0,0,0,0,0,1,0,1,14
24762,328.537,23,20,3,0,0,0,3,5.7834,97.5908,46.53,143.742,1,3,18,0,0,0,0,0.95,138,241.041,0,0,0,0,1,0,0,0,0,0,0,0,0,0,0,1,6
24807,135.04,4,0,0,0,2,2,4,2.6754,26.888,0.0,41.635,0,2,1,0,0,0,0,0.0,26,6.0,0,0,0,0,0,0,0,0,0,0,1,0,0,0,0,1,15
24813,153.332,5,0,1,0,0,3,5,2.8109,25.1655,17.07,43.951,0,1,0,0,0,0,0,0.0,32,53.029,0,0,0,0,0,0,0,0,0,1,1,0,0,0,0,2,9
24819,208.239,6,0,0,0,0,5,6,4.3087,36.185,0.0,59.522,0,0,0,0,0,0,0,0.0,40,37.119,0,0,0,0,0,0,0,0,0,0,1,0,0,0,0,1,15
24823,47.997,3,0,3,0,0,0,3,-1.122,6.734,51.43,16.35,0,2,0,0,0,0,0,0.0,18,7.51,0,0,0,0,0,0,0,0,0,0,1,0,0,0,0,1,15
24870,67.451,3,0,2,0,0,1,3,-1.3078,0.6865,42.96,21.767,0,1,0,0,0,0,0,0.0,19,2.755,1,0,1,0,0,0,0,0,0,0,0,0,0,0,0,2,7
24883,110.971,5,3,0,0,0,2,2,1.9777,25.713,0.0,41.386,0,0,1,0,0,0,0,0.3333,30,31.874,0,0,0,0,0,0,0,0,0,0,1,0,0,1,0,2,14
25134,250.524,4,0,0,0,0,3,4,2.156,32.535,0.0,50.327,0,0,0,0,0,0,0,0.0,24,8.0,0,0,0,0,0,0,0,0,0,0,1,0,0,0,0,1,15
25135,117.171,4,0,0,0,0,3,4,1.6877,23.313,0.0,39.855,0,0,0,0,0,0,0,0.0,24,8.0,0,0,0,0,0,0,0,0,0,0,1,0,0,0,0,1,15
25247,262.594,5,0,3,1,0,0,5,-0.2416,10.3614,66.2,48.407,0,3,0,0,0,0,0,0.0,25,29.874,1,0,0,0,0,0,0,0,0,0,0,0,0,0,0,1,10
25353,102.973,3,0,0,0,1,2,3,2.0272,19.297,0.0,32.112,0,1,0,0,0,0,0,0.0,20,2.755,0,0,1,0,0,0,0,0,0,0,1,0,0,0,0,2,7
26039,170.733,9,4,4,0,0,0,5,-0.1525,15.718,79.6,62.42,0,0,0,0,0,0,0,0.0,50,55.549,0,0,0,0,0,0,0,0,0,1,0,0,0,0,0,1,9
26040,195.895,11,5,5,0,0,0,6,-1.988,28.4675,85.35,75.626,0,5,0,0,0,0,0,0.0,58,26.444,0,0,0,0,0,0,0,0,0,1,0,0,0,0,0,1,9
26447,154.253,11,10,1,0,0,0,1,2.6477,46.35,17.07,69.179,0,1,1,1,0,1,1,0.9,64,148.952,0,0,0,0,0,0,0,0,1,0,0,0,0,0,0,1,8
27423,296.319,21,15,6,0,0,0,6,1.5704,76.192,78.9,123.605,0,6,10,0,0,0,0,0.4,116,364.066,0,0,0,0,0,0,0,0,0,0,1,0,0,0,0,1,15
27867,198.306,14,12,2,0,0,0,2,3.0103,56.897,26.3,87.023,0,2,2,1,0,1,1,0.9167,82,198.498,0,0,0,0,0,0,1,0,0,0,0,0,0,0,0,3,12
28019,222.325,9,0,5,0,2,0,9,-7.6663,18.617,97.33,139.626,0,5,1,0,0,0,0,0.0,44,167.397,0,0,0,0,0,0,0,0,0,0,1,0,0,0,0,1,15
29910,265.954,14,10,0,0,0,4,4,5.4534,63.988,0.0,101.326,0,0,0,2,2,0,0,0.0,72,458.438,0,1,0,0,0,0,0,0,0,0,0,0,0,0,0,1,13
30318,254.226,5,0,4,0,0,0,5,-0.4777,2.746,68.28,29.773,0,4,0,0,0,0,0,0.0,32,154.782,0,0,1,0,0,0,0,0,0,0,0,0,0,0,0,1,7
30692,238.362,14,9,0,2,3,0,5,3.5602,63.548,36.68,94.342,0,5,3,2,2,0,0,0.1111,70,439.107,0,0,0,0,0,0,0,0,0,0,1,0,0,0,0,1,15
31209,202.297,15,14,1,0,0,0,1,3.8492,64.625,17.07,91.823,0,1,6,1,1,0,0,0.3571,80,311.37,0,0,0,0,0,0,0,0,0,0,0,0,0,0,0,1,0
31211,194.23,14,11,3,0,0,0,3,1.9224,53.6608,46.53,83.325,1,3,4,1,1,0,0,0.3636,76,331.305,0,0,0,0,0,0,0,0,0,0,1,0,1,1,0,3,3
31215,166.157,10,6,3,0,0,0,4,2.3228,41.798,27.69,63.664,0,3,6,0,0,0,0,1.0,62,55.749,0,0,0,0,0,0,0,0,0,0,1,0,0,0,0,1,15
31225,178.231,13,11,2,0,0,0,2,2.1823,51.396,26.3,78.531,0,2,4,1,1,0,0,0.3636,70,254.053,0,0,0,0,0,1,1,0,0,0,0,0,0,0,0,2,11
31234,136.194,10,9,1,0,0,0,1,1.6115,41.8488,20.23,61.32,1,1,3,1,1,0,0,0.3333,54,169.343,0,0,0,0,0,1,0,0,0,0,0,0,0,1,0,3,11
31236,138.166,10,8,2,0,0,0,2,1.0577,39.0228,29.46,60.069,1,2,3,1,1,0,0,0.25,54,171.872,0,1,0,0,0,0,0,0,0,0,0,0,0,0,0,1,13
31237,246.438,18,18,0,0,0,0,0,6.15,81.99,0.0,113.811,0,0,11,1,1,0,0,0.6667,102,262.627,0,0,0,0,0,0,0,0,0,0,0,0,0,0,0,1,0
31242,122.167,9,8,1,0,0,0,1,1.9546,37.4848,20.23,54.956,1,1,1,1,1,0,0,0.25,48,176.264,0,0,0,0,0,0,0,0,0,0,0,0,0,1,1,2,1
31244,136.15,10,8,2,0,0,0,2,1.5077,38.3815,26.3,59.436,0,2,2,1,1,0,0,0.125,52,213.204,0,0,0,0,0,0,1,0,0,0,0,0,1,1,0,9,3
31256,116.16,8,6,2,0,0,0,2,0.7364,31.5958,37.3,49.52,1,2,2,0,0,0,0,0.8333,48,89.192,0,0,0,0,0,0,0,0,1,0,0,0,0,0,0,1,8
31263,130.143,9,6,3,0,0,0,3,0.8762,31.681,43.37,54.001,0,3,2,0,0,0,0,0.6667,52,103.471,0,0,0,0,0,0,0,0,0,0,1,0,0,0,0,1,15
31264,132.159,9,6,3,0,0,0,3,1.0878,31.641,27.69,54.899,0,3,0,1,0,1,1,1.0,54,69.284,0,1,0,0,0,0,0,0,0,0,0,0,0,0,0,1,13
31271,370.574,26,22,4,0,0,0,4,6.3542,107.138,52.6,160.953,0,4,19,0,0,0,0,0.9091,154,296.104,0,1,0,0,0,0,0,0,0,0,0,0,0,0,0,1,13
31272,116.16,8,6,2,0,0,0,2,1.3496,31.541,26.3,49.839,0,2,3,0,0,0,0,0.8333,48,68.929,0,0,0,0,0,0,1,0,0,0,0,0,0,1,0,2,12
31276,130.187,9,7,2,0,0,0,2,1.5956,36.088,26.3,56.204,0,2,3,0,0,0,0,0.8571,54,86.917,0,0,0,0,0,0,1,0,0,0,0,0,0,1,0,3,12
31278,340.592,24,22,2,0,0,0,2,7.5912,105.413,26.3,151.678,0,2,19,0,0,0,0,0.9545,144,250.354,0,0,0,0,1,0,1,0,0,0,0,0,0,0,0,2,6
31284,242.403,17,15,2,0,0,0,2,4.8605,73.094,26.3,107.124,0,2,12,0,0,0,0,0.9333,102,166.305,0,0,0,0,1,0,0,0,0,0,0,0,0,0,0,3,6
31289,142.242,10,9,1,0,0,0,1,2.9359,44.057,17.07,63.82,0,1,7,0,0,0,0,0.8889,60,69.129,0,0,0,0,0,1,0,1,0,0,0,1,0,0,0,5,4
31341,204.269,15,13,2,0,0,0,2,2.2553,57.396,26.3,89.997,0,2,1,3,0,3,1,0.6154,80,331.428,0,0,0,0,0,0,1,0,0,0,0,0,0,0,0,1,12
31369,88.537,5,4,0,0,0,1,1,1.9249,25.19,0.0,36.758,0,0,1,0,0,0,0,0.0,28,54.668,0,0,0,0,0,0,0,0,0,0,1,0,0,0,0,1,15
31398,133.534,8,4,2,1,0,1,4,0.2892,26.94,37.38,51.326,0,2,0,1,0,1,1,0.5,44,128.974,0,0,1,0,0,0,0,0,0,0,0,0,0,0,0,1,7
31404,220.356,16,15,1,0,0,0,1,4.2956,70.2438,20.23,99.51,1,1,0,1,1,0,0,0.6,90,353.872,0,0,0,0,0,0,0,0,0,1,0,0,0,0,0,1,9
31677,311.853,21,17,2,1,0,1,4,4.1574,89.131,29.54,132.784,0,2,9,1,1,0,0,0.5882,118,426.166,0,0,0,0,0,0,0,0,0,0,0,0,0,1,0,1,14
32791,884.714,51,40,4,0,4,0,11,15.5659,237.268,36.92,353.709,0,8,36,0,0,0,0,1.0,304,686.417,0,0,0,0,0,0,0,0,0,0,0,0,0,1,0,1,14
33360,286.349,19,13,5,0,1,0,6,2.0576,70.9818,61.83,113.155,0,5,4,2,1,1,0,0.5385,106,576.696,0,1,0,0,0,0,0,0,0,0,0,0,0,0,0,1,13
34192,257.786,16,12,1,1,1,1,4,4.035,71.064,20.31,105.969,0,2,4,1,1,0,0,0.4167,88,335.377,0,1,0,0,0,0,0,0,0,0,0,0,0,0,0,1,13
34306,204.335,13,10,2,0,1,0,3,2.6758,58.118,26.3,86.454,1,3,7,0,0,0,0,0.9,78,134.886,0,0,0,0,0,0,1,0,0,0,0,0,0,0,0,1,12
36565,295.339,21,14,4,3,0,0,7,4.0109,81.8265,98.31,123.207,1,5,5,1,1,0,0,0.5714,116,528.823,0,1,0,0,0,0,0,0,0,0,0,0,0,0,0,1,13
38235,218.322,14,9,2,2,1,0,5,2.1075,60.8127,50.69,89.456,1,4,3,0,0,0,0,0.7778,82,221.342,0,0,0,0,0,0,0,0,0,0,1,0,0,0,0,1,15
38479,281.312,20,13,4,3,0,0,7,3.7203,77.2175,98.31,116.842,1,5,6,1,1,0,0,0.5385,110,538.908,0,0,0,0,0,0,0,0,0,0,0,0,0,0,0,1,0
39230,342.134,22,14,5,1,0,2,8,4.4805,80.9719,78.67,134.867,0,5,4,2,2,0,0,0.0714,114,748.008,0,1,0,0,0,0,0,0,0,0,0,0,0,0,0,1,13
39676,286.114,18,12,3,1,0,2,6,3.4213,69.031,46.61,113.729,0,3,2,2,1,1,1,0.1667,94,538.004,0,1,0,0,0,0,0,0,0,0,0,0,0,0,0,1,13
42113,168.036,10,3,1,0,0,6,7,2.0835,18.04,9.23,51.576,0,1,2,0,0,0,0,1.0,62,97.656,0,0,0,0,0,0,0,0,0,0,1,0,0,0,0,1,15
44072,383.641,25,14,5,1,0,4,11,0.4268,73.9549,92.5,165.154,0,5,4,2,2,0,0,0.0714,126,828.6,0,0,0,0,0,0,0,0,0,0,0,0,0,0,0,1,0
51040,310.393,23,20,3,0,0,0,3,4.4484,91.414,43.37,136.845,0,3,5,2,2,0,0,0.3,120,689.162,0,1,0,0,0,0,0,0,0,0,0,0,0,0,0,1,13
52999,381.37,26,14,6,5,1,0,12,0.4856,88.2377,149.47,148.383,2,9,5,2,2,0,0,0.2143,138,946.594,0,0,0,0,0,0,0,0,0,0,0,0,0,1,0,1,14
53597,198.159,12,5,4,2,0,0,7,-1.2699,44.2005,139.95,70.801,3,4,4,0,0,0,0,0.8,74,189.887,0,0,0,0,0,0,0,0,0,0,1,0,0,0,0,1,15
54738,261.281,19,13,3,3,0,0,6,1.0709,69.119,91.65,110.127,2,4,3,2,1,1,0,0.3846,100,580.251,1,0,0,0,0,0,0,0,0,0,0,0,0,0,0,1,10
54739,311.341,23,17,3,3,0,0,6,2.2241,86.625,91.65,132.809,2,4,3,3,2,1,0,0.2941,118,857.282,0,0,0,0,0,0,0,0,0,0,1,0,0,0,0,1,15
61021,176.212,12,8,4,0,0,0,4,1.4504,42.188,36.92,72.742,0,4,0,1,0,1,1,1.0,72,99.02,0,0,0,0,0,0,0,0,1,0,0,0,0,0,0,1,8
61022,370.574,26,22,4,0,0,0,4,6.351,107.094,52.6,160.953,0,4,17,0,0,0,0,0.9091,154,320.051,0,1,0,0,0,0,0,0,0,0,0,0,0,0,0,1,13
61088,162.15,8,2,0,2,2,0,6,-6.0747,27.778,36.15,103.529,0,4,0,0,0,0,0,0.0,32,103.096,0,0,0,0,0,0,0,0,0,0,1,0,0,0,0,1,15
61106,132.468,7,2,1,0,0,4,5,1.3141,16.915,17.07,42.066,0,1,0,0,0,0,0,0.5,42,85.426,0,0,0,0,0,0,0,0,0,0,1,0,0,0,0,1,15
61250,133.147,9,5,3,1,0,0,4,1.3849,32.4714,52.37,53.92,0,3,5,0,0,0,0,1.0,54,84.272,0,0,0,0,0,0,0,0,0,0,0,0,0,1,0,1,14
61286,333.255,21,16,3,0,0,2,5,5.1318,86.222,35.53,136.076,0,3,9,1,1,0,0,0.5625,118,449.148,0,0,0,0,0,0,0,0,0,0,1,0,0,1,0,2,14
61437,120.366,4,0,0,1,0,3,4,1.7498,19.398,3.24,39.379,0,1,0,0,0,0,0,0.0,26,8.0,0,0,0,0,0,0,0,0,0,0,1,0,0,0,0,1,15
61585,244.378,18,17,1,0,0,0,1,4.4105,76.4935,17.07,110.601,0,1,1,2,1,1,0,0.5882,98,501.077,0,0,0,0,0,0,0,0,0,0,0,0,0,1,0,3,14
61948,265.936,10,6,0,2,0,2,4,2.3424,45.912,47.58,77.084,0,2,3,0,0,0,0,0.6667,54,179.167,0,0,0,0,0,0,0,0,0,0,1,0,0,1,0,2,14
62097,281.093,12,8,2,1,0,1,4,1.9086,56.0547,38.33,86.38,1,2,4,0,0,0,0,0.625,68,183.232,0,0,0,0,0,0,0,0,0,0,1,0,0,0,0,1,15
62324,92.525,5,3,1,0,0,1,2,1.1618,21.151,17.07,35.934,0,1,1,0,0,0,0,0.6667,30,42.158,0,0,0,0,0,0,0,0,0,0,1,0,0,0,0,1,15
62329,297.267,21,12,6,3,0,0,9,3.3255,74.5792,129.42,119.58,0,6,3,1,1,0,0,0.5,114,618.932,0,0,0,0,0,0,0,0,0,0,0,0,0,1,0,2,14
62478,300.805,11,2,2,0,1,6,9,3.0566,49.4998,34.14,93.549,0,2,0,0,0,0,0,1.0,68,210.288,0,1,0,0,0,0,0,0,0,0,1,0,0,0,0,2,13
62695,56.108,4,4,0,0,0,0,0,1.5824,20.488,0.0,27.144,0,0,0,0,0,0,0,0.5,24,15.219,0,1,0,0,0,0,0,0,0,0,0,0,0,0,0,1,13
62781,149.665,9,7,0,1,0,1,2,-1.7493,35.6934,0.0,64.046,0,0,0,1,0,1,1,1.0,56,72.985,0,0,0,0,0,0,0,0,0,1,0,0,0,1,0,2,9
64505,180.159,11,7,2,0,0,1,4,3.1281,42.5965,26.3,66.701,0,2,2,1,0,1,1,1.0,66,159.824,0,0,0,0,0,0,0,0,0,1,0,0,0,1,0,2,9
65575,222.372,16,15,1,0,0,0,1,3.6098,66.0668,20.23,99.625,1,1,0,3,0,3,3,1.0,92,313.397,0,0,0,0,0,0,0,0,0,0,0,0,0,0,1,2,1
69610,100.004,5,1,1,0,0,2,4,1.7483,15.7465,17.07,28.605,0,1,0,0,0,0,0,1.0,32,55.784,1,0,0,0,0,0,0,0,0,0,1,0,0,0,0,2,10
73672,332.4,24,18,4,2,0,0,6,4.0218,91.9362,73.59,141.677,1,5,7,2,2,0,0,0.4444,130,682.544,0,1,0,0,0,0,0,0,0,0,0,0,0,0,0,1,13
84098,359.325,24,15,4,1,1,3,9,3.2053,76.4643,77.24,134.921,0,5,4,3,2,1,1,0.3333,128,911.041,1,0,0,0,0,0,0,0,0,0,0,0,0,0,0,1,10
86354,333.863,23,18,1,3,0,1,5,3.8634,93.9082,46.92,142.395,1,2,4,2,2,0,0,0.4444,124,696.292,0,1,0,0,0,0,0,0,0,0,0,0,0,0,0,1,13
86453,429.817,28,15,5,5,1,2,13,1.9029,95.509,124.78,162.862,1,8,6,3,3,0,0,0.2,148,1167.083,0,0,0,0,0,0,0,0,1,0,0,0,0,0,0,1,8
89440,258.405,19,18,1,0,0,0,1,4.7926,81.0165,17.07,116.966,0,1,1,2,1,1,0,0.6111,104,534.866,0,0,0,0,0,0,0,0,0,0,0,0,0,0,0,1,0
89594,162.236,12,10,0,2,0,0,2,1.8483,48.842,16.13,73.23,0,2,1,2,1,1,1,0.5,64,245.275,0,0,0,0,0,0,0,0,0,0,0,0,0,0,0,1,0
91497,258.405,19,18,1,0,0,0,1,4.5252,79.729,9.23,116.913,0,1,0,3,1,2,0,0.6667,104,524.737,0,0,0,0,0,0,0,0,0,0,0,0,0,0,0,1,0
91731,465.093,29,13,4,4,0,8,16,5.986,87.2945,111.2,164.894,1,6,4,2,2,0,0,0.1538,156,1012.265,0,0,0,0,0,0,0,0,0,0,1,0,0,0,0,1,15
91744,275.801,17,12,2,1,1,1,5,2.9716,73.337,29.54,111.329,0,3,5,1,1,0,0,0.5833,96,372.357,0,0,0,0,0,0,0,0,0,0,0,0,0,1,0,1,14
91752,270.4,15,10,2,0,2,0,5,5.1944,73.9205,26.3,102.257,0,4,8,0,0,0,0,1.0,92,195.599,0,0,0,0,0,0,0,0,0,1,0,0,0,0,0,1,9
93315,384.516,28,24,4,0,0,0,4,6.1938,110.356,60.44,167.903,0,4,12,2,1,1,0,0.5417,152,729.876,0,0,0,0,0,0,0,0,0,0,0,0,0,0,0,1,0
104926,434.294,29,22,3,1,0,3,7,6.3171,107.912,59.32,177.996,0,4,6,3,2,1,1,0.2727,150,981.297,0,1,0,0,0,0,0,0,0,0,0,0,0,0,0,1,13
108177,334.844,16,10,0,0,0,6,6,6.7602,74.008,0.0,121.933,0,0,0,2,2,0,0,0.0,84,589.859,0,1,0,0,0,0,0,0,0,0,0,0,0,0,0,1,13
114878,300.399,15,10,0,0,0,5,5,6.1068,68.998,0.0,111.629,0,0,0,2,2,0,0,0.0,78,547.239,0,1,0,0,0,0,0,0,0,0,0,0,0,0,0,1,13
145068,30.006,2,0,1,1,0,0,2,-0.4471,5.501,39.37,11.859,0,1,0,0,0,0,0,0.0,11,2.0,0,0,0,0,0,0,0,0,0,0,0,0,0,1,0,1,14
153909,395.397,27,15,6,5,1,0,12,0.5099,93.018,140.68,154.958,1,9,5,2,2,0,0,0.2667,144,978.413,0,0,0,0,0,0,0,0,0,0,1,0,0,0,0,1,15
153974,359.416,26,21,2,1,0,2,5,5.1791,97.899,30.82,152.221,0,3,4,3,2,1,0,0.381,138,820.14,0,0,0,0,0,0,0,0,0,1,0,0,0,0,0,1,9
169132,222.288,16,12,2,2,0,0,4,2.243,60.637,58.86,95.861,0,4,3,1,0,1,1,0.8333,88,352.03,0,0,0,0,0,0,0,0,0,0,1,0,0,0,0,1,15
176879,300.358,22,17,3,2,0,0,5,3.8237,86.8054,59.59,129.772,2,4,5,2,2,0,0,0.2353,116,627.056,0,1,0,0,0,0,0,0,0,0,0,0,0,0,0,1,13
180089,357.381,26,20,4,1,0,1,6,4.6003,93.588,68.55,151.468,0,5,8,2,2,0,0,0.3,136,783.388,0,1,0,0,0,0,0,0,0,0,0,0,0,0,0,1,13
213029,257.805,17,14,1,1,0,1,3,3.2752,75.871,12.47,111.377,0,2,7,1,1,0,0,0.5714,98,282.779,0,0,0,0,0,0,0,0,0,0,0,0,0,1,0,1,14
237332,126.111,9,6,3,0,0,0,3,0.5844,30.0183,50.44,51.911,1,3,2,1,1,0,0,0.1667,48,201.823,0,0,0,0,0,1,0,0,0,0,0,0,0,0,0,1,11
246728,128.215,9,8,1,0,0,0,1,2.5458,39.44,17.07,57.455,0,1,5,0,0,0,0,0.875,54,76.637,0,0,0,0,0,0,1,0,0,0,0,0,0,0,0,1,12
440917,136.238,10,10,0,0,0,0,0,3.3089,45.912,0.0,63.639,0,0,1,1,0,1,0,0.6,56,162.877,0,0,0,1,0,0,0,0,0,0,0,0,0,0,0,1,2
442495,152.237,11,10,1,0,0,0,1,2.7119,46.396,17.07,68.49,0,1,0,1,0,1,1,0.7,62,196.918,0,0,0,0,0,0,0,0,1,0,0,0,0,0,0,1,8
444795,300.442,22,20,2,0,0,0,2,5.6026,93.7618,37.3,134.175,1,1,5,1,0,1,0,0.45,120,566.515,0,0,0,0,0,1,0,0,0,0,0,0,0,0,0,1,11
445070,222.372,16,15,1,0,0,0,1,4.3979,72.4988,20.23,100.574,1,1,7,0,0,0,0,0.6,92,265.16,0,0,0,1,0,1,0,0,0,0,0,0,0,0,0,4,2
447466,70.091,5,4,1,0,0,0,1,0.7614,20.878,17.07,31.306,0,1,1,0,0,0,0,0.25,28,45.61,0,0,0,0,0,0,0,0,0,0,1,0,0,0,0,1,15
493591,344.313,23,12,11,0,0,0,11,-5.7612,70.8322,200.53,131.123,9,11,8,1,0,1,1,1.0,138,340.969,0,0,0,0,0,0,0,0,0,0,0,0,0,0,0,1,0
517202,219.947,12,3,3,3,0,2,9,-4.5136,34.705,79.95,97.871,0,4,0,1,1,0,0,0.0,60,398.76,0,0,1,0,0,0,0,0,0,0,0,0,0,0,0,1,7
524223,231.509,13,10,0,0,0,3,3,4.8,58.978,0.0,91.023,0,0,0,2,2,0,0,0.0,66,462.922,0,1,0,0,0,0,0,0,0,0,0,0,0,0,0,1,13
637511,132.162,10,9,1,0,0,0,1,1.8987,41.54,17.07,59.998,0,1,2,1,1,0,0,0.0,50,223.743,0,0,0,0,0,0,0,0,0,0,1,0,1,0,0,2,3
637531,196.29,14,12,2,0,0,0,2,2.7643,54.783,26.3,86.017,0,2,1,2,0,2,2,0.9167,80,269.495,0,0,0,0,0,0,0,0,0,0,0,0,0,0,0,2,0
637566,154.253,11,10,1,0,0,0,1,2.6714,49.5078,20.23,69.439,1,1,4,0,0,0,0,0.6,64,150.256,0,0,0,0,0,1,0,0,0,0,0,1,0,1,0,4,5
638011,152.237,11,10,1,0,0,0,1,2.878,48.486,17.07,68.806,0,1,4,0,0,0,0,0.5,62,171.312,0,0,0,0,0,0,0,0,0,0,0,0,0,0,0,1,0
643820,154.253,11,10,1,0,0,0,1,2.6714,49.5078,20.23,69.439,1,1,4,0,0,0,0,0.6,64,150.256,0,0,0,0,0,0,0,0,0,0,0,1,0,1,0,4,5
1268142,218.34,16,15,1,0,0,0,1,3.9042,67.133,17.07,98.619,0,1,1,2,0,2,1,0.6667,88,363.631,0,0,0,1,0,0,0,0,0,0,0,0,0,1,1,5,1
1548943,305.418,22,18,3,1,0,0,4,3.7896,88.9515,58.56,132.74,2,3,9,1,1,0,0,0.5,122,495.106,0,0,0,0,0,0,0,0,0,0,1,0,0,0,0,1,15
1549018,164.248,12,11,1,0,0,0,1,3.0221,50.989,17.07,74.165,0,1,3,1,0,1,0,0.5455,66,233.389,0,0,0,1,0,1,0,0,0,0,0,0,0,0,1,5,1
1549026,196.29,14,12,2,0,0,0,2,3.2422,59.055,26.3,86.649,0,2,5,0,0,0,0,0.5833,80,232.706,0,0,0,0,0,1,1,1,0,0,0,1,0,1,0,6,4
3032552,46.005,3,0,2,1,0,0,3,0.0983,6.4815,49.33,16.817,0,2,0,0,0,0,0,0.0,17,10.265,0,0,0,0,0,0,0,0,0,0,1,0,0,0,0,1,15
3423265,288.385,18,12,4,0,1,0,6,0.3881,67.4932,66.43,134.118,0,4,12,0,0,0,0,1.0,104,254.803,0,0,0,0,1,0,0,0,0,0,0,0,0,0,0,1,6
3641960,227.648,13,7,2,1,1,1,6,-0.7848,47.5768,48.24,104.935,0,2,2,1,1,0,0,0.1429,66,362.584,0,0,1,0,0,0,0,0,0,0,0,0,0,0,0,1,7
3672772,210.226,14,8,6,0,0,0,6,2.1662,46.9896,77.38,83.124,2,6,7,0,0,0,0,1.0,86,133.91,0,0,0,0,0,0,0,0,1,0,0,0,0,0,0,1,8
4347343,213.621,12,6,2,1,1,1,6,-1.0932,42.8398,48.24,98.57,0,2,2,1,1,0,0,0.0,60,326.661,0,0,1,0,0,0,0,0,0,0,0,0,0,0,0,1,7
5273469,238.286,18,16,2,0,0,0,2,3.4432,71.714,26.3,106.534,0,2,4,2,2,0,0,0.0625,90,515.308,0,0,0,0,0,0,0,0,0,0,0,0,0,1,0,1,14
5280970,110.971,5,3,0,0,0,2,2,1.9777,25.713,0.0,41.386,0,0,1,0,0,0,0,0.3333,30,31.874,0,0,0,0,0,0,0,0,0,0,0,0,0,1,0,1,14
5281077,144.601,9,7,1,0,0,1,2,1.5132,39.0668,20.23,60.336,1,1,2,0,0,0,0,0.4286,50,145.485,0,1,0,0,0,0,0,0,0,0,1,0,0,0,0,2,13
5281167,100.161,7,6,1,0,0,0,1,1.335,31.1338,20.23,44.669,1,1,3,0,0,0,0,0.6667,42,48.142,0,0,0,0,0,0,0,1,0,0,1,0,0,0,0,3,4
5282108,192.302,14,13,1,0,0,0,1,3.5141,60.083,17.07,86.895,0,1,2,1,0,1,0,0.6154,78,281.611,0,0,0,0,0,1,0,0,0,0,0,0,0,1,1,6,1
5282198,266.425,19,17,2,0,0,0,2,4.9045,82.0,26.3,118.474,0,2,9,0,0,0,0,0.7059,110,300.384,0,0,0,0,0,0,0,0,0,0,0,0,0,0,0,1,0
5283468,356.547,25,21,4,0,0,0,4,4.9203,103.5036,66.76,154.212,2,4,18,0,0,0,0,0.8571,148,315.018,0,0,0,0,0,0,0,0,0,0,0,0,0,1,0,1,14
5284369,253.301,19,16,2,1,0,0,3,3.139,76.6129,52.32,111.874,1,3,4,2,2,0,0,0.0625,96,576.313,0,0,0,0,0,0,1,0,0,0,0,0,0,0,0,2,12
5284469,411.798,18,10,0,0,0,8,8,5.3777,83.9,0.0,145.749,0,0,2,2,0,2,2,0.8,104,402.682,0,0,1,0,0,0,0,0,0,0,0,0,0,0,0,1,7
5287573,56.108,4,4,0,0,0,0,0,1.5824,20.488,0.0,27.144,0,0,0,0,0,0,0,0.5,24,15.219,0,1,0,0,0,0,0,0,0,0,0,0,0,0,0,1,13
5315892,134.178,10,9,1,0,0,0,1,1.6921,42.5618,20.23,60.631,1,1,2,1,1,0,0,0.1111,52,201.228,0,0,0,0,0,1,0,0,0,0,0,0,0,0,0,1,11
5363265,280.452,20,18,2,0,0,0,2,5.5828,86.757,26.3,124.839,0,2,13,0,0,0,0,0.7222,116,266.592,0,0,0,0,0,0,0,0,0,0,0,0,0,1,0,1,14
5364509,296.495,21,19,2,0,0,0,2,6.1969,91.468,26.3,131.894,0,2,15,0,0,0,0,0.8421,124,245.951,0,0,0,0,1,0,0,0,0,0,0,0,0,0,0,1,6
5366546,310.478,22,19,3,0,0,0,3,5.062,92.845,35.53,136.318,0,3,10,0,0,0,0,0.7368,128,378.142,0,0,0,0,0,0,1,0,0,0,0,0,0,0,0,1,12
5821911,291.72,18,8,3,5,1,1,10,1.0232,65.6784,84.1,111.565,0,5,3,2,1,1,1,0.5,98,479.052,0,0,0,0,0,0,0,0,0,1,0,0,0,0,0,1,9
5899068,274.272,20,15,5,0,0,0,5,2.2743,71.188,53.99,115.941,0,5,3,3,1,2,0,0.2667,104,587.927,0,1,0,0,0,0,0,0,0,0,0,0,0,0,0,1,13
6433251,763.51,41,36,4,0,0,0,5,9.5451,168.918,80.26,275.682,0,4,30,0,0,0,0,0.8333,236,523.928,1,0,0,0,0,0,0,0,0,0,0,0,0,0,0,1,10
6442842,422.874,29,23,2,0,0,4,6,6.6624,107.163,26.3,172.882,0,2,5,3,2,1,1,0.3478,154,932.884,0,0,0,0,0,0,0,0,0,0,0,0,0,1,0,1,14
10247670,356.374,26,20,6,0,0,0,6,3.2047,91.5898,66.38,150.753,1,6,3,5,2,3,2,0.4,136,810.046,0,0,0,0,0,0,0,0,0,0,1,0,0,0,0,2,15
11085337,220.356,16,15,1,0,0,0,1,3.3874,65.9948,20.23,98.936,1,1,4,4,0,4,4,0.8667,90,331.344,0,0,0,0,0,0,0,0,0,0,0,0,0,1,0,2,14
11409499,503.515,33,17,9,5,2,0,16,-0.16,113.9412,191.98,189.317,3,11,9,2,2,0,0,0.2941,180,1241.384,0,0,0,0,0,0,0,0,0,0,1,0,0,0,0,1,15
11419598,452.449,31,17,7,6,1,0,14,0.2743,108.6224,168.92,177.364,3,9,8,2,2,0,0,0.2353,166,1081.894,0,1,0,0,0,0,0,0,0,0,0,0,0,0,0,1,13
11784975,483.375,32,16,5,5,1,5,16,2.605,97.6375,116.94,176.538,1,8,8,3,3,0,0,0.3125,174,1190.908,0,0,0,0,0,0,0,0,0,1,0,0,0,0,0,1,9
11954021,409.782,18,10,0,0,0,8,8,5.6828,81.216,0.0,144.743,0,0,0,3,0,3,2,0.8,102,458.794,0,1,1,0,0,0,0,0,0,0,1,0,0,0,0,3,7
13633097,275.801,17,12,2,1,1,1,5,2.9716,73.337,29.54,111.329,0,3,5,1,1,0,0,0.5833,96,372.357,0,1,0,0,0,0,0,0,0,0,0,0,0,0,0,1,13
15655387,185.311,13,11,1,1,0,0,2,2.729,56.6067,29.1,82.1,1,1,6,0,0,0,0,0.9091,78,156.169,0,0,0,0,0,0,1,0,0,0,0,0,0,0,0,1,12
16682740,351.031,17,12,4,0,0,0,5,3.155,68.716,52.6,109.02,0,4,8,0,0,0,0,0.8333,100,226.89,1,0,0,0,0,0,0,0,0,0,0,0,0,0,0,1,10
21863527,144.09,7,0,0,0,0,6,7,2.3654,14.626,0.0,37.57,0,0,0,0,0,0,0,0.0,48,69.623,0,0,0,0,0,0,0,0,0,0,1,0,0,0,0,1,15
22150757,154.9,5,0,2,0,0,2,5,-6.2321,1.373,57.0,53.51,0,0,0,0,0,0,0,0.0,32,7.61,0,0,0,0,0,0,0,0,0,1,1,0,0,0,0,2,9
23662384,142.086,9,4,4,0,0,0,5,-4.1489,23.9908,77.43,75.165,1,3,0,0,0,0,0,0.5,48,70.568,1,0,0,0,0,0,0,0,0,0,0,0,0,0,0,1,10
23665760,74.442,3,0,1,0,0,1,3,-3.4955,5.853,23.06,46.058,0,1,0,0,0,0,0,0.0,14,4.755,0,0,1,0,0,0,0,0,0,0,0,0,0,0,0,1,7
23667638,255.977,14,3,5,3,0,2,11,-6.163,41.9326,142.95,108.832,0,4,0,1,1,0,0,0.0,76,402.189,0,0,1,0,0,0,0,0,0,0,0,0,0,0,0,1,7
23677927,506.059,30,8,3,0,1,17,22,1.5025,50.3812,57.2,164.034,0,3,7,0,0,0,0,1.0,176,738.592,0,0,0,0,0,0,0,0,0,0,1,0,0,0,0,1,15
24864132,264.369,19,15,2,2,0,0,4,1.8843,71.9494,43.37,114.465,0,2,0,4,0,4,4,0.9333,106,395.607,0,0,0,0,0,0,0,0,0,0,0,0,0,0,0,1,0
25246088,295.443,21,18,3,0,0,0,3,3.761,83.886,52.66,129.317,0,3,14,1,0,1,1,0.8333,122,298.839,0,1,0,0,0,0,0,0,0,0,0,0,0,1,0,2,13
54680660,414.539,29,22,7,0,0,0,7,4.6248,109.4414,113.29,173.64,3,7,17,1,0,1,0,0.8182,168,515.29,0,0,0,1,0,0,0,0,0,0,0,0,0,0,0,1,2
56846457,727.098,54,48,0,6,0,0,6,11.3138,241.9704,156.12,326.165,6,6,0,6,6,0,0,0.25,288,1804.419,0,1,0,0,0,0,0,0,0,0,0,0,0,0,0,1,13
73422990,223.958,10,6,0,0,0,4,4,3.8302,51.748,0.0,82.093,0,0,2,0,0,0,0,0.6667,62,70.148,0,0,0,0,0,0,0,0,0,0,1,0,0,0,0,1,15
87468080,110.156,8,7,1,0,0,0,1,1.2348,33.295,17.07,50.09,0,1,1,0,0,0,0,0.5714,44,116.084,0,1,0,0,0,0,0,0,1,0,0,0,0,0,0,3,8
156614055,284.473,12,6,0,0,0,5,6,3.3925,63.885,0.0,99.144,0,0,1,1,1,0,0,0.0,70,206.928,0,0,0,0,0,0,0,0,0,0,1,0,0,0,0,1,15
